date,krx_semi,btc_krw
2017-09-25,25443.0,4322000.0
2017-09-26,25178.0,4321000.0
2017-09-27,25327.0,4657000.0
2017-09-28,25463.0,4586000.0
2017-09-29,25535.0,4657000.0
2017-09-30,25535.0,4895000.0
2017-10-01,25535.0,4962000.0
2017-10-02,25535.0,5025000.0
2017-10-03,25535.0,4964000.0
2017-10-04,25535.0,4895000.0
2017-10-05,25535.0,4926000.0
2017-10-06,25535.0,5027000.0
2017-10-07,25535.0,5047000.0
2017-10-08,25535.0,5217000.0
2017-10-09,25535.0,5477000.0
2017-10-10,26250.0,5486000.0
2017-10-11,26495.0,5557000.0
2017-10-12,26447.0,6332000.0
2017-10-13,25862.0,6438000.0
2017-10-14,25862.0,6664000.0
2017-10-15,25862.0,6381000.0
2017-10-16,25496.0,6491000.0
2017-10-17,25714.0,6457000.0
2017-10-18,25443.0,6391000.0
2017-10-19,25646.0,6511000.0
2017-10-20,25738.0,6928000.0
2017-10-21,25738.0,6874000.0
2017-10-22,25738.0,7039000.0
2017-10-23,26030.0,6971000.0
2017-10-24,25904.0,6479000.0
2017-10-25,26174.0,6643000.0
2017-10-26,25463.0,6811000.0
2017-10-27,25520.0,6710000.0
2017-10-28,25520.0,6715000.0
2017-10-29,25520.0,6961000.0
2017-10-30,25743.0,6964000.0
2017-10-31,26262.0,7422000.0
2017-11-01,26258.0,7798000.0
2017-11-02,25950.0,8217000.0
2017-11-03,26159.0,8143000.0
2017-11-04,26159.0,8346000.0
2017-11-05,26159.0,8453000.0
2017-11-06,26159.0,8060000.0
2017-11-07,26240.0,8243000.0
2017-11-08,26337.0,8339000.0
2017-11-09,26106.0,8148000.0
2017-11-10,26332.0,7541000.0
2017-11-11,26332.0,7231000.0
2017-11-12,26332.0,7132000.0
2017-11-13,26544.0,7487000.0
2017-11-14,27063.0,7591000.0
2017-11-15,26580.0,8350000.0
2017-11-16,26993.0,8710000.0
2017-11-17,26897.0,8541000.0
2017-11-18,26897.0,8618000.0
2017-11-19,26897.0,8770000.0
2017-11-20,26746.0,9025000.0
2017-11-21,27025.0,8944000.0
2017-11-22,27437.0,9084000.0
2017-11-23,27341.0,8943000.0
2017-11-24,27550.0,9195000.0
2017-11-25,27550.0,9879000.0
2017-11-26,27550.0,10344000.0
2017-11-27,27128.0,11314000.0
2017-11-28,26816.0,12048000.0
2017-11-29,27002.0,11104000.0
2017-11-30,25960.0,11935000.0
2017-12-01,26092.0,12532000.0
2017-12-02,26092.0,12971000.0
2017-12-03,26092.0,13128000.0
2017-12-04,26111.0,13684000.0
2017-12-05,25908.0,14645000.0
2017-12-06,25383.0,18390000.0
2017-12-07,25014.0,23791000.0
2017-12-08,25160.0,20260000.0
2017-12-09,25160.0,17769000.0
2017-12-10,25160.0,17661000.0
2017-12-11,25557.0,19307000.0
2017-12-12,25317.0,18940000.0
2017-12-13,25418.0,18358000.0
2017-12-14,25473.0,18660000.0
2017-12-15,25373.0,20075000.0
2017-12-16,25373.0,22205000.0
2017-12-17,25373.0,21881000.0
2017-12-18,25165.0,22087000.0
2017-12-19,25605.0,22367000.0
2017-12-20,25605.0,22638000.0
2017-12-21,24725.0,22200000.0
2017-12-22,25428.0,19089000.0
2017-12-23,25428.0,20525000.0
2017-12-24,25428.0,19592000.0
2017-12-25,25428.0,19822000.0
2017-12-26,25196.0,21933000.0
2017-12-27,25758.0,21970000.0
2017-12-28,26007.0,19565000.0
2017-12-29,26007.0,19290000.0
2017-12-30,26007.0,18415000.0
2017-12-31,26007.0,19280000.0
2018-01-01,26007.0,18860000.0
2018-01-02,25771.0,20263000.0
2018-01-03,25931.0,20900000.0
2018-01-04,25458.0,23402000.0
2018-01-05,25685.0,27444000.0
2018-01-06,25685.0,26924000.0
2018-01-07,25685.0,25859000.0
2018-01-08,25132.0,25230000.0
2018-01-09,25019.0,24016000.0
2018-01-10,24480.0,21317000.0
2018-01-11,25009.0,19389000.0
2018-01-12,24857.0,20745000.0
2018-01-13,24857.0,21135000.0
2018-01-14,24857.0,19206000.0
2018-01-15,24730.0,19106000.0
2018-01-16,25610.0,14279000.0
2018-01-17,25629.0,14951000.0
2018-01-18,26021.0,14880000.0
2018-01-19,25709.0,15372000.0
2018-01-20,25709.0,16858000.0
2018-01-21,25709.0,14640000.0
2018-01-22,24989.0,13944000.0
2018-01-23,25273.0,13141000.0
2018-01-24,25423.0,13450000.0
2018-01-25,25880.0,12973000.0
2018-01-26,25918.0,12876000.0
2018-01-27,25918.0,12900000.0
2018-01-28,25918.0,13352000.0
2018-01-29,25965.0,12909000.0
2018-01-30,25414.0,11627000.0
2018-01-31,25368.0,11429000.0
2018-02-01,25670.0,10070000.0
2018-02-02,25075.0,9410000.0
2018-02-03,25075.0,9520000.0
2018-02-04,25075.0,8900000.0
2018-02-05,24408.0,7832000.0
2018-02-06,24346.0,8642000.0
2018-02-07,24480.0,8387000.0
2018-02-08,25363.0,9480000.0
2018-02-09,24946.0,9929000.0
2018-02-10,24946.0,9959000.0
2018-02-11,24946.0,9320000.0
2018-02-12,25132.0,10140000.0
2018-02-13,25142.0,9906000.0
2018-02-14,25633.0,10473000.0
2018-02-15,25633.0,11357000.0
2018-02-16,25633.0,11462000.0
2018-02-17,25633.0,12300000.0
2018-02-18,25633.0,11966000.0
2018-02-19,25866.0,12649000.0
2018-02-20,25423.0,13548000.0
2018-02-21,25862.0,12815000.0
2018-02-22,25600.0,11763000.0
2018-02-23,25665.0,12065000.0
2018-02-24,25665.0,11553000.0
2018-02-25,25665.0,11230000.0
2018-02-26,25615.0,11773000.0
2018-02-27,25753.0,11951000.0
2018-02-28,25409.0,11860000.0
2018-03-01,25409.0,12214000.0
2018-03-02,25282.0,12465000.0
2018-03-03,25282.0,12831000.0
2018-03-04,25282.0,12592000.0
2018-03-05,24946.0,12746000.0
2018-03-06,25585.0,12023000.0
2018-03-07,25388.0,11200000.0
2018-03-08,25511.0,10517000.0
2018-03-09,25847.0,10418000.0
2018-03-10,25847.0,9863000.0
2018-03-11,25847.0,10520000.0
2018-03-12,26305.0,10213000.0
2018-03-13,26941.0,10168000.0
2018-03-14,26830.0,9153000.0
2018-03-15,26779.0,9115000.0
2018-03-16,26674.0,9095000.0
2018-03-17,26674.0,8667000.0
2018-03-18,26674.0,9018000.0
2018-03-19,26697.0,9718000.0
2018-03-20,26544.0,9829000.0
2018-03-21,26347.0,9919000.0
2018-03-22,26106.0,9783000.0
2018-03-23,24534.0,9847000.0
2018-03-24,24534.0,9580000.0
2018-03-25,24534.0,9477000.0
2018-03-26,25241.0,9052000.0
2018-03-27,24999.0,8651000.0
2018-03-28,24563.0,8730000.0
2018-03-29,24808.0,7915000.0
2018-03-30,25009.0,7602000.0
2018-03-31,25009.0,7697000.0
2018-04-01,25009.0,7482000.0
2018-04-02,24636.0,7710000.0
2018-04-03,24549.0,8092000.0
2018-04-04,24114.0,7492000.0
2018-04-05,24597.0,7408000.0
2018-04-06,24332.0,7280000.0
2018-04-07,24332.0,7533000.0
2018-04-08,24332.0,7622000.0
2018-04-09,24435.0,7450000.0
2018-04-10,24365.0,7428000.0
2018-04-11,24795.0,7429000.0
2018-04-12,25302.0,8121000.0
2018-04-13,25482.0,8375000.0
2018-04-14,25482.0,8350000.0
2018-04-15,25482.0,8663000.0
2018-04-16,25506.0,8663000.0
2018-04-17,25492.0,8450000.0
2018-04-18,25520.0,8652000.0
2018-04-19,26030.0,8994000.0
2018-04-20,25585.0,9552000.0
2018-04-21,25585.0,9735000.0
2018-04-22,25585.0,9602000.0
2018-04-23,25231.0,9760000.0
2018-04-24,24645.0,10505000.0
2018-04-25,24515.0,9829000.0
2018-04-26,25024.0,10130000.0
2018-04-27,25055.0,9819000.0
2018-04-28,25055.0,10043000.0
2018-04-29,25055.0,10187000.0
2018-04-30,24648.0,10138000.0
2018-05-01,24648.0,9896000.0
2018-05-02,24447.0,10032000.0
2018-05-03,24314.0,10683000.0
2018-05-04,24066.0,10645000.0
2018-05-05,24066.0,10820000.0
2018-05-06,24066.0,10684000.0
2018-05-07,24066.0,10422000.0
2018-05-08,23763.0,10233000.0
2018-05-09,24106.0,10405000.0
2018-05-10,24362.0,9976000.0
2018-05-11,24629.0,9256000.0
2018-05-12,24629.0,9481000.0
2018-05-13,24629.0,9803000.0
2018-05-14,24289.0,9797000.0
2018-05-15,24343.0,9500000.0
2018-05-16,24289.0,9297000.0
2018-05-17,24329.0,9090000.0
2018-05-18,24653.0,9165000.0
2018-05-19,24653.0,9112000.0
2018-05-20,24653.0,9370000.0
2018-05-21,24742.0,9345000.0
2018-05-22,24742.0,8940000.0
2018-05-23,25668.0,8483000.0
2018-05-24,25593.0,8415000.0
2018-05-25,25583.0,8317000.0
2018-05-26,25583.0,8162000.0
2018-05-27,25583.0,8182000.0
2018-05-28,25522.0,7903000.0
2018-05-29,25508.0,8299000.0
2018-05-30,25541.0,8207000.0
2018-05-31,25537.0,8282000.0
2018-06-01,25346.0,8282000.0
2018-06-02,25346.0,8339000.0
2018-06-03,25346.0,8419000.0
2018-06-04,25138.0,8248000.0
2018-06-05,25583.0,8360000.0
2018-06-06,25583.0,8359000.0
2018-06-07,25822.0,8375000.0
2018-06-08,25411.0,8341000.0
2018-06-09,25411.0,8233000.0
2018-06-10,25411.0,7576000.0
2018-06-11,25407.0,7635000.0
2018-06-12,25430.0,7350000.0
2018-06-13,25430.0,7040000.0
2018-06-14,24908.0,7355000.0
2018-06-15,24656.0,7180000.0
2018-06-16,24656.0,7277000.0
2018-06-17,24656.0,7218000.0
2018-06-18,23696.0,7461000.0
2018-06-19,23387.0,7553000.0
2018-06-20,24106.0,7538000.0
2018-06-21,24025.0,7511000.0
2018-06-22,24132.0,6962000.0
2018-06-23,24132.0,7030000.0
2018-06-24,24132.0,6992000.0
2018-06-25,23795.0,7036000.0
2018-06-26,23686.0,6900000.0
2018-06-27,23506.0,6925000.0
2018-06-28,22949.0,6682000.0
2018-06-29,23178.0,6958000.0
2018-06-30,23178.0,7164000.0
2018-07-01,23178.0,7109000.0
2018-07-02,22369.0,7297000.0
2018-07-03,22842.0,7298000.0
2018-07-04,22855.0,7329000.0
2018-07-05,22983.0,7377000.0
2018-07-06,23288.0,7480000.0
2018-07-07,23288.0,7550000.0
2018-07-08,23288.0,7516000.0
2018-07-09,23582.0,7474000.0
2018-07-10,23744.0,7140000.0
2018-07-11,23621.0,7226000.0
2018-07-12,23815.0,7090000.0
2018-07-13,24271.0,7054000.0
2018-07-14,24271.0,7109000.0
2018-07-15,24271.0,7178000.0
2018-07-16,24229.0,7454000.0
2018-07-17,24244.0,8080000.0
2018-07-18,24329.0,8302000.0
2018-07-19,24329.0,8443000.0
2018-07-20,23877.0,8351000.0
2018-07-21,23877.0,8367000.0
2018-07-22,23877.0,8349000.0
2018-07-23,22598.0,8752000.0
2018-07-24,22944.0,9452000.0
2018-07-25,22441.0,9158000.0
2018-07-26,23107.0,8950000.0
2018-07-27,23929.0,9122000.0
2018-07-28,23929.0,9225000.0
2018-07-29,23929.0,9238000.0
2018-07-30,23863.0,9270000.0
2018-07-31,23911.0,8800000.0
2018-08-01,24044.0,8726000.0
2018-08-02,23625.0,8731000.0
2018-08-03,23672.0,8508000.0
2018-08-04,23672.0,8074000.0
2018-08-05,23672.0,8077000.0
2018-08-06,23134.0,7982000.0
2018-08-07,23321.0,7760000.0
2018-08-08,23293.0,7308000.0
2018-08-09,23073.0,7543000.0
2018-08-10,22557.0,7230000.0
2018-08-11,22557.0,7325000.0
2018-08-12,22557.0,7395000.0
2018-08-13,21890.0,7387000.0
2018-08-14,21947.0,7233000.0
2018-08-15,21947.0,7332000.0
2018-08-16,21870.0,7337000.0
2018-08-17,21696.0,7496000.0
2018-08-18,21696.0,7391000.0
2018-08-19,21696.0,7431000.0
2018-08-20,21504.0,7255000.0
2018-08-21,22199.0,7375000.0
2018-08-22,22114.0,7289000.0
2018-08-23,22099.0,7439000.0
2018-08-24,22182.0,7561000.0
2018-08-25,22182.0,7604000.0
2018-08-26,22182.0,7547000.0
2018-08-27,22513.0,7688000.0
2018-08-28,22460.0,7839000.0
2018-08-29,22760.0,7825000.0
2018-08-30,22760.0,7856000.0
2018-08-31,22996.0,7865000.0
2018-09-01,22996.0,8001000.0
2018-09-02,22996.0,8113000.0
2018-09-03,22944.0,8125000.0
2018-09-04,22978.0,8271000.0
2018-09-05,22837.0,7699000.0
2018-09-06,22602.0,7523000.0
2018-09-07,22013.0,7382000.0
2018-09-08,22013.0,7206000.0
2018-09-09,22013.0,7232000.0
2018-09-10,22080.0,7274000.0
2018-09-11,22085.0,7239000.0
2018-09-12,21895.0,7234000.0
2018-09-13,21705.0,7355000.0
2018-09-14,21985.0,7359000.0
2018-09-15,21985.0,7363000.0
2018-09-16,21985.0,7356000.0
2018-09-17,21700.0,7191000.0
2018-09-18,21723.0,7234000.0
2018-09-19,21677.0,7245000.0
2018-09-20,21585.0,7311000.0
2018-09-21,21391.0,7537000.0
2018-09-22,21391.0,7540000.0
2018-09-23,21391.0,7500000.0
2018-09-24,21391.0,7430000.0
2018-09-25,21391.0,7299000.0
2018-09-26,21391.0,7300000.0
2018-09-27,21258.0,7447000.0
2018-09-28,21064.0,7408000.0
2018-09-29,21064.0,7360000.0
2018-09-30,21064.0,7393000.0
2018-10-01,20949.0,7375000.0
2018-10-02,20526.0,7369000.0
2018-10-03,20526.0,7386000.0
2018-10-04,20178.0,7481000.0
2018-10-05,19842.0,7503000.0
2018-10-06,19842.0,7485000.0
2018-10-07,19842.0,7482000.0
2018-10-08,19812.0,7542000.0
2018-10-09,19812.0,7527000.0
2018-10-10,19347.0,7472000.0
2018-10-11,18349.0,7187000.0
2018-10-12,18947.0,7183000.0
2018-10-13,18947.0,7189000.0
2018-10-14,18947.0,7198000.0
2018-10-15,18556.0,7413000.0
2018-10-16,19037.0,7352000.0
2018-10-17,19395.0,7327000.0
2018-10-18,19124.0,7343000.0
2018-10-19,19441.0,7291000.0
2018-10-20,19441.0,7302000.0
2018-10-21,19441.0,7311000.0
2018-10-22,19284.0,7297000.0
2018-10-23,18671.0,7270000.0
2018-10-24,18444.0,7296000.0
2018-10-25,18034.0,7272000.0
2018-10-26,17953.0,7276000.0
2018-10-27,17953.0,7284000.0
2018-10-28,17953.0,7258000.0
2018-10-29,17668.0,7097000.0
2018-10-30,18325.0,7140000.0
2018-10-31,18367.0,7162000.0
2018-11-01,18253.0,7186000.0
2018-11-02,19222.0,7179000.0
2018-11-03,19222.0,7150000.0
2018-11-04,19222.0,7213000.0
2018-11-05,18747.0,7198000.0
2018-11-06,18595.0,7231000.0
2018-11-07,18181.0,7310000.0
2018-11-08,18566.0,7282000.0
2018-11-09,18706.0,7243000.0
2018-11-10,18706.0,7237000.0
2018-11-11,18706.0,7253000.0
2018-11-12,18848.0,7249000.0
2018-11-13,18329.0,7248000.0
2018-11-14,18063.0,6782000.0
2018-11-15,18272.0,6529000.0
2018-11-16,18253.0,6425000.0
2018-11-17,18253.0,6385000.0
2018-11-18,18253.0,6431000.0
2018-11-19,18240.0,5618000.0
2018-11-20,17560.0,5177000.0
2018-11-21,17730.0,5274000.0
2018-11-22,17607.0,4965000.0
2018-11-23,17510.0,5013000.0
2018-11-24,17510.0,4492000.0
2018-11-25,17510.0,4616000.0
2018-11-26,17806.0,4371000.0
2018-11-27,17906.0,4380000.0
2018-11-28,18129.0,4800000.0
2018-11-29,18048.0,4840000.0
2018-11-30,17896.0,4565000.0
2018-12-01,17896.0,4721000.0
2018-12-02,17896.0,4685000.0
2018-12-03,18235.0,4387000.0
2018-12-04,18002.0,4457000.0
2018-12-05,17758.0,4262000.0
2018-12-06,17188.0,3965000.0
2018-12-07,17198.0,3868000.0
2018-12-08,17198.0,3875000.0
2018-12-09,17198.0,4013000.0
2018-12-10,16576.0,3895000.0
2018-12-11,16557.0,3822000.0
2018-12-12,16870.0,3888000.0
2018-12-13,17080.0,3721000.0
2018-12-14,16480.0,3642000.0
2018-12-15,16480.0,3619000.0
2018-12-16,16480.0,3637000.0
2018-12-17,16466.0,3923000.0
2018-12-18,16123.0,4088000.0
2018-12-19,16236.0,4124000.0
2018-12-20,15848.0,4552000.0
2018-12-21,16085.0,4333000.0
2018-12-22,16085.0,4464000.0
2018-12-23,16085.0,4439000.0
2018-12-24,16223.0,4539000.0
2018-12-25,16223.0,4243000.0
2018-12-26,15948.0,4293000.0
2018-12-27,16308.0,4124000.0
2018-12-28,16522.0,4338000.0
2018-12-29,16522.0,4200000.0
2018-12-30,16522.0,4291000.0
2018-12-31,16522.0,4200000.0
2019-01-01,16522.0,4288000.0
2019-01-02,16323.0,4347000.0
2019-01-03,15671.0,4284000.0
2019-01-04,15354.0,4303000.0
2019-01-05,15354.0,4294000.0
2019-01-06,15354.0,4520000.0
2019-01-07,15634.0,4499000.0
2019-01-08,15657.0,4480000.0
2019-01-09,16513.0,4458000.0
2019-01-10,16779.0,4087000.0
2019-01-11,16803.0,4101000.0
2019-01-12,16803.0,4098000.0
2019-01-13,16803.0,3963000.0
2019-01-14,16471.0,4098000.0
2019-01-15,16726.0,4034000.0
2019-01-16,16937.0,4052000.0
2019-01-17,17070.0,4075000.0
2019-01-18,17154.0,4046000.0
2019-01-19,17154.0,4115000.0
2019-01-20,17154.0,3984000.0
2019-01-21,17688.0,3973000.0
2019-01-22,17540.0,4013000.0
2019-01-23,17607.0,3996000.0
2019-01-24,18044.0,3983000.0
2019-01-25,18600.0,3957000.0
2019-01-26,18600.0,3963000.0
2019-01-27,18600.0,3951000.0
2019-01-28,18552.0,3828000.0
2019-01-29,18890.0,3795000.0
2019-01-30,19404.0,3810000.0
2019-01-31,19134.0,3775000.0
2019-02-01,19170.0,3816000.0
2019-02-02,19170.0,3855000.0
2019-02-03,19170.0,3821000.0
2019-02-04,19170.0,3822000.0
2019-02-05,19170.0,3835000.0
2019-02-06,19170.0,3791000.0
2019-02-07,19788.0,3783000.0
2019-02-08,19284.0,4009000.0
2019-02-09,19284.0,3998000.0
2019-02-10,19284.0,4023000.0
2019-02-11,19222.0,3986000.0
2019-02-12,19533.0,3981000.0
2019-02-13,20155.0,3983000.0
2019-02-14,20555.0,3984000.0
2019-02-15,19908.0,3986000.0
2019-02-16,19908.0,4002000.0
2019-02-17,19908.0,4040000.0
2019-02-18,20145.0,4236000.0
2019-02-19,20107.0,4259000.0
2019-02-20,20496.0,4315000.0
2019-02-21,20467.0,4328000.0
2019-02-22,20449.0,4346000.0
2019-02-23,20449.0,4479000.0
2019-02-24,20449.0,4178000.0
2019-02-25,20925.0,4255000.0
2019-02-26,20679.0,4228000.0
2019-02-27,20536.0,4259000.0
2019-02-28,19884.0,4240000.0
2019-03-01,19884.0,4248000.0
2019-03-02,19884.0,4253000.0
2019-03-03,19884.0,4239000.0
2019-03-04,20006.0,4155000.0
2019-03-05,19703.0,4249000.0
2019-03-06,19561.0,4260000.0
2019-03-07,19385.0,4289000.0
2019-03-08,19180.0,4310000.0
2019-03-09,19180.0,4352000.0
2019-03-10,19180.0,4336000.0
2019-03-11,19566.0,4337000.0
2019-03-12,20021.0,4326000.0
2019-03-13,20188.0,4325000.0
2019-03-14,20449.0,4337000.0
2019-03-15,20284.0,4359000.0
2019-03-16,20284.0,4445000.0
2019-03-17,20284.0,4425000.0
2019-03-18,20354.0,4458000.0
2019-03-19,20235.0,4486000.0
2019-03-20,20540.0,4533000.0
2019-03-21,20862.0,4491000.0
2019-03-22,21067.0,4490000.0
2019-03-23,21067.0,4507000.0
2019-03-24,21067.0,4525000.0
2019-03-25,20294.0,4487000.0
2019-03-26,20439.0,4493000.0
2019-03-27,20459.0,4548000.0
2019-03-28,20031.0,4550000.0
2019-03-29,20344.0,4641000.0
2019-03-30,20344.0,4636000.0
2019-03-31,20344.0,4661000.0
2019-04-01,20862.0,4711000.0
2019-04-02,20797.0,5411000.0
2019-04-03,21324.0,5594000.0
2019-04-04,21499.0,5571000.0
2019-04-05,21723.0,5685000.0
2019-04-06,21723.0,5793000.0
2019-04-07,21723.0,5910000.0
2019-04-08,21315.0,6091000.0
2019-04-09,21471.0,6000000.0
2019-04-10,21533.0,6166000.0
2019-04-11,21667.0,5860000.0
2019-04-12,21667.0,5897000.0
2019-04-13,21667.0,5889000.0
2019-04-14,21667.0,5958000.0
2019-04-15,21742.0,5860000.0
2019-04-16,21605.0,6024000.0
2019-04-17,21993.0,6004000.0
2019-04-18,21624.0,6070000.0
2019-04-19,21875.0,6087000.0
2019-04-20,21875.0,6141000.0
2019-04-21,21875.0,6145000.0
2019-04-22,21691.0,6237000.0
2019-04-23,21810.0,6450000.0
2019-04-24,21662.0,6415000.0
2019-04-25,21961.0,6120000.0
2019-04-26,21338.0,6137000.0
2019-04-27,21338.0,6114000.0
2019-04-28,21338.0,6138000.0
2019-04-29,21852.0,6029000.0
2019-04-30,21912.0,6117000.0
2019-05-01,21912.0,6192000.0
2019-05-02,22119.0,6327000.0
2019-05-03,22104.0,6596000.0
2019-05-04,22104.0,6719000.0
2019-05-05,22104.0,6704000.0
2019-05-06,22104.0,6620000.0
2019-05-07,21708.0,6753000.0
2019-05-08,21328.0,6959000.0
2019-05-09,20540.0,7273000.0
2019-05-10,20573.0,7495000.0
2019-05-11,20573.0,8368000.0
2019-05-12,20573.0,8170000.0
2019-05-13,19952.0,9230000.0
2019-05-14,20058.0,9499000.0
2019-05-15,20447.0,9606000.0
2019-05-16,19856.0,9465000.0
2019-05-17,19755.0,8891000.0
2019-05-18,19755.0,8823000.0
2019-05-19,19755.0,9712000.0
2019-05-20,19456.0,9581000.0
2019-05-21,19563.0,9509000.0
2019-05-22,19389.0,9309000.0
2019-05-23,18984.0,9491000.0
2019-05-24,18604.0,9580000.0
2019-05-25,18604.0,9594000.0
2019-05-26,18604.0,10299000.0
2019-05-27,18575.0,10376000.0
2019-05-28,18893.0,10333000.0
2019-05-29,18787.0,10325000.0
2019-05-30,18951.0,10120000.0
2019-05-31,18975.0,10383000.0
2019-06-01,18975.0,10350000.0
2019-06-02,18975.0,10505000.0
2019-06-03,19072.0,9999000.0
2019-06-04,18984.0,9486000.0
2019-06-05,19135.0,9583000.0
2019-06-06,19135.0,9495000.0
2019-06-07,19263.0,9749000.0
2019-06-08,19263.0,9733000.0
2019-06-09,19263.0,9474000.0
2019-06-10,19529.0,9731000.0
2019-06-11,19961.0,9587000.0
2019-06-12,19529.0,9803000.0
2019-06-13,19282.0,9935000.0
2019-06-14,19032.0,10462000.0
2019-06-15,19032.0,10528000.0
2019-06-16,19032.0,10710000.0
2019-06-17,18970.0,11055000.0
2019-06-18,18927.0,10902000.0
2019-06-19,19291.0,11063000.0
2019-06-20,19495.0,11349000.0
2019-06-21,19210.0,11994000.0
2019-06-22,19210.0,12398000.0
2019-06-23,19210.0,12681000.0
2019-06-24,19268.0,12891000.0
2019-06-25,19013.0,13941000.0
2019-06-26,19219.0,15854000.0
2019-06-27,19480.0,14028000.0
2019-06-28,19441.0,15307000.0
2019-06-29,19441.0,14576000.0
2019-06-30,19441.0,13598000.0
2019-07-01,19577.0,13026000.0
2019-07-02,19644.0,13205000.0
2019-07-03,19509.0,14419000.0
2019-07-04,19832.0,13535000.0
2019-07-05,19563.0,13367000.0
2019-07-06,19563.0,13607000.0
2019-07-07,19563.0,13652000.0
2019-07-08,18494.0,14570000.0
2019-07-09,18589.0,14940000.0
2019-07-10,19062.0,14595000.0
2019-07-11,19620.0,13770000.0
2019-07-12,19735.0,14199000.0
2019-07-13,19735.0,13810000.0
2019-07-14,19735.0,12425000.0
2019-07-15,19870.0,13166000.0
2019-07-16,19927.0,11448000.0
2019-07-17,19485.0,11648000.0
2019-07-18,19750.0,12659000.0
2019-07-19,20024.0,12549000.0
2019-07-20,20024.0,12780000.0
2019-07-21,20024.0,12565000.0
2019-07-22,20246.0,12310000.0
2019-07-23,20169.0,11797000.0
2019-07-24,19942.0,11611000.0
2019-07-25,19927.0,11743000.0
2019-07-26,19817.0,11680000.0
2019-07-27,19817.0,11310000.0
2019-07-28,19817.0,11310000.0
2019-07-29,18956.0,11280000.0
2019-07-30,19273.0,11323000.0
2019-07-31,19215.0,11957000.0
2019-08-01,18893.0,12317000.0
2019-08-02,18758.0,12563000.0
2019-08-03,18758.0,12773000.0
2019-08-04,18758.0,12958000.0
2019-08-05,17939.0,14181000.0
2019-08-06,17209.0,13782000.0
2019-08-07,17751.0,14219000.0
2019-08-08,18131.0,14241000.0
2019-08-09,18290.0,14248000.0
2019-08-10,18290.0,13699000.0
2019-08-11,18290.0,13876000.0
2019-08-12,18340.0,13696000.0
2019-08-13,18340.0,13147000.0
2019-08-14,18691.0,12202000.0
2019-08-15,18691.0,12619000.0
2019-08-16,18526.0,12575000.0
2019-08-17,18526.0,12424000.0
2019-08-18,18526.0,12509000.0
2019-08-19,18526.0,13165000.0
2019-08-20,18927.0,12952000.0
2019-08-21,19130.0,12293000.0
2019-08-22,18768.0,12210000.0
2019-08-23,18791.0,12443000.0
2019-08-24,18791.0,12201000.0
2019-08-25,18791.0,12218000.0
2019-08-26,17916.0,12421000.0
2019-08-27,18185.0,12208000.0
2019-08-28,18485.0,11787000.0
2019-08-29,18276.0,11525000.0
2019-08-30,18791.0,11632000.0
2019-08-31,18791.0,11612000.0
2019-09-01,18791.0,11768000.0
2019-09-02,19101.0,12435000.0
2019-09-03,19052.0,12703000.0
2019-09-04,19775.0,12641000.0
2019-09-05,20437.0,12644000.0
2019-09-06,20424.0,12341000.0
2019-09-07,20424.0,12473000.0
2019-09-08,20424.0,12370000.0
2019-09-09,20375.0,12278000.0
2019-09-10,20295.0,12078000.0
2019-09-11,20285.0,12162000.0
2019-09-12,20285.0,12427000.0
2019-09-13,20285.0,12306000.0
2019-09-14,20285.0,12253000.0
2019-09-15,20285.0,12169000.0
2019-09-16,20226.0,12133000.0
2019-09-17,20203.0,12061000.0
2019-09-18,20390.0,12050000.0
2019-09-19,20689.0,12180000.0
2019-09-20,20781.0,12074000.0
2019-09-21,20781.0,11891000.0
2019-09-22,20781.0,11936000.0
2019-09-23,20601.0,11545000.0
2019-09-24,20650.0,10194000.0
2019-09-25,20447.0,10143000.0
2019-09-26,20573.0,9700000.0
2019-09-27,20520.0,9833000.0
2019-09-28,20520.0,9874000.0
2019-09-29,20520.0,9670000.0
2019-09-30,20596.0,9945000.0
2019-10-01,20660.0,9987000.0
2019-10-02,20159.0,10077000.0
2019-10-03,20159.0,9937000.0
2019-10-04,20212.0,9755000.0
2019-10-05,20212.0,9720000.0
2019-10-06,20212.0,9443000.0
2019-10-07,20159.0,9749000.0
2019-10-08,20520.0,9728000.0
2019-10-09,20520.0,10182000.0
2019-10-10,20375.0,10167000.0
2019-10-11,20550.0,9814000.0
2019-10-12,20550.0,9867000.0
2019-10-13,20550.0,9807000.0
2019-10-14,20881.0,9871000.0
2019-10-15,21348.0,9719000.0
2019-10-16,21637.0,9525000.0
2019-10-17,21463.0,9563000.0
2019-10-18,21091.0,9434000.0
2019-10-19,21091.0,9437000.0
2019-10-20,21091.0,9710000.0
2019-10-21,21247.0,9663000.0
2019-10-22,21276.0,9470000.0
2019-10-23,21227.0,8826000.0
2019-10-24,21426.0,8743000.0
2019-10-25,21681.0,10063000.0
2019-10-26,21681.0,10730000.0
2019-10-27,21681.0,10975000.0
2019-10-28,21791.0,10736000.0
2019-10-29,21772.0,10894000.0
2019-10-30,21392.0,10682000.0
2019-10-31,21767.0,10692000.0
2019-11-01,21806.0,10805000.0
2019-11-02,21806.0,10851000.0
2019-11-03,21806.0,10765000.0
2019-11-04,22114.0,10846000.0
2019-11-05,22218.0,10752000.0
2019-11-06,21806.0,10751000.0
2019-11-07,21651.0,10668000.0
2019-11-08,21362.0,10212000.0
2019-11-09,21362.0,10248000.0
2019-11-10,21362.0,10496000.0
2019-11-11,21140.0,10168000.0
2019-11-12,21478.0,10257000.0
2019-11-13,21382.0,10211000.0
2019-11-14,21570.0,10075000.0
2019-11-15,22089.0,9914000.0
2019-11-16,22089.0,9926000.0
2019-11-17,22089.0,9924000.0
2019-11-18,22153.0,9580000.0
2019-11-19,22148.0,9503000.0
2019-11-20,21556.0,9486000.0
2019-11-21,21131.0,9024000.0
2019-11-22,21343.0,8651000.0
2019-11-23,21343.0,8670000.0
2019-11-24,21343.0,8218000.0
2019-11-25,21671.0,8338000.0
2019-11-26,21732.0,8410000.0
2019-11-27,21588.0,8702000.0
2019-11-28,21651.0,8674000.0
2019-11-29,21377.0,9037000.0
2019-11-30,21377.0,8838000.0
2019-12-01,21377.0,8630000.0
2019-12-02,21320.0,8585000.0
2019-12-03,21072.0,8607000.0
2019-12-04,20847.0,8515000.0
2019-12-05,21357.0,8685000.0
2019-12-06,22306.0,8813000.0
2019-12-07,22306.0,8784000.0
2019-12-08,22306.0,8807000.0
2019-12-09,22228.0,8679000.0
2019-12-10,21917.0,8537000.0
2019-12-11,22012.0,8490000.0
2019-12-12,22595.0,8437000.0
2019-12-13,23250.0,8490000.0
2019-12-14,23250.0,8277000.0
2019-12-15,23250.0,8319000.0
2019-12-16,23477.0,8050000.0
2019-12-17,24260.0,7742000.0
2019-12-18,24212.0,8466000.0
2019-12-19,24021.0,8328000.0
2019-12-20,24252.0,8338000.0
2019-12-21,24252.0,8295000.0
2019-12-22,24252.0,8689000.0
2019-12-23,24011.0,8520000.0
2019-12-24,23933.0,8470000.0
2019-12-25,23933.0,8370000.0
2019-12-26,24695.0,8371000.0
2019-12-27,25414.0,8385000.0
2019-12-28,25414.0,8432000.0
2019-12-29,25414.0,8486000.0
2019-12-30,25532.0,8341000.0
2019-12-31,25532.0,8312000.0
2020-01-01,25532.0,8300000.0
2020-01-02,25675.0,8037000.0
2020-01-03,25454.0,8474000.0
2020-01-04,25454.0,8482000.0
2020-01-05,25454.0,8454000.0
2020-01-06,25344.0,8866000.0
2020-01-07,25300.0,9398000.0
2020-01-08,25213.0,9085000.0
2020-01-09,26142.0,8941000.0
2020-01-10,26123.0,9233000.0
2020-01-11,26123.0,9060000.0
2020-01-12,26123.0,9213000.0
2020-01-13,26012.0,9172000.0
2020-01-14,26090.0,9716000.0
2020-01-15,25656.0,9735000.0
2020-01-16,26137.0,9785000.0
2020-01-17,26388.0,9992000.0
2020-01-18,26388.0,10085000.0
2020-01-19,26388.0,9887000.0
2020-01-20,26504.0,9851000.0
2020-01-21,26230.0,9958000.0
2020-01-22,26700.0,9922000.0
2020-01-23,26509.0,9750000.0
2020-01-24,26509.0,9813000.0
2020-01-25,26509.0,9745000.0
2020-01-26,26509.0,9966000.0
2020-01-27,26509.0,10132000.0
2020-01-28,25754.0,10570000.0
2020-01-29,25806.0,10670000.0
2020-01-30,25171.0,10779000.0
2020-01-31,24558.0,10781000.0
2020-02-01,24558.0,10820000.0
2020-02-02,24558.0,10765000.0
2020-02-03,25007.0,10750000.0
2020-02-04,25424.0,10635000.0
2020-02-05,25424.0,11054000.0
2020-02-06,25724.0,11264000.0
2020-02-07,25483.0,11490000.0
2020-02-08,25483.0,11568000.0
2020-02-09,25483.0,11821000.0
2020-02-10,25549.0,11520000.0
2020-02-11,25763.0,11819000.0
2020-02-12,26316.0,11793000.0
2020-02-13,26658.0,11793000.0
2020-02-14,27139.0,11845000.0
2020-02-15,27139.0,11503000.0
2020-02-16,27139.0,11659000.0
2020-02-17,27254.0,11438000.0
2020-02-18,26374.0,11838000.0
2020-02-19,26590.0,11415000.0
2020-02-20,26605.0,11520000.0
2020-02-21,26225.0,11498000.0
2020-02-22,26225.0,11496000.0
2020-02-23,26225.0,11753000.0
2020-02-24,25243.0,11633000.0
2020-02-25,25787.0,11330000.0
2020-02-26,25276.0,10741000.0
2020-02-27,24232.0,10699000.0
2020-02-28,23110.0,10575000.0
2020-02-29,23110.0,10374000.0
2020-03-01,23110.0,10374000.0
2020-03-02,24242.0,10675000.0
2020-03-03,24057.0,10502000.0
2020-03-04,24690.0,10503000.0
2020-03-05,25030.0,10791000.0
2020-03-06,24486.0,10840000.0
2020-03-07,24486.0,10678000.0
2020-03-08,24486.0,9876000.0
2020-03-09,23240.0,9726000.0
2020-03-10,23846.0,9574000.0
2020-03-11,22870.0,9510000.0
2020-03-12,21877.0,6363000.0
2020-03-13,21017.0,7267000.0
2020-03-14,21017.0,6823000.0
2020-03-15,21017.0,6909000.0
2020-03-16,19832.0,6385000.0
2020-03-17,20144.0,6774000.0
2020-03-18,18691.0,6745000.0
2020-03-19,16986.0,7679000.0
2020-03-20,18521.0,7781000.0
2020-03-21,18521.0,7740000.0
2020-03-22,18521.0,7366000.0
2020-03-23,17209.0,8047000.0
2020-03-24,19273.0,8367000.0
2020-03-25,20295.0,8271000.0
2020-03-26,19792.0,8272000.0
2020-03-27,19880.0,7880000.0
2020-03-28,19880.0,7656000.0
2020-03-29,19880.0,7218000.0
2020-03-30,20024.0,7798000.0
2020-03-31,20068.0,7799000.0
2020-04-01,19446.0,8074000.0
2020-04-02,20154.0,8174000.0
2020-04-03,20140.0,8156000.0
2020-04-04,20140.0,8249000.0
2020-04-05,20140.0,8198000.0
2020-04-06,21280.0,8786000.0
2020-04-07,21902.0,8660000.0
2020-04-08,21867.0,8821000.0
2020-04-09,21892.0,8804000.0
2020-04-10,21516.0,8414000.0
2020-04-11,21516.0,8463000.0
2020-04-12,21516.0,8470000.0
2020-04-13,20636.0,8379000.0
2020-04-14,21081.0,8378000.0
2020-04-15,21081.0,8108000.0
2020-04-16,21458.0,8562000.0
2020-04-17,21978.0,8519000.0
2020-04-18,21978.0,8712000.0
2020-04-19,21978.0,8660000.0
2020-04-20,21671.0,8387000.0
2020-04-21,21441.0,8407000.0
2020-04-22,21834.0,8636000.0
2020-04-23,21907.0,9057000.0
2020-04-24,21426.0,9100000.0
2020-04-25,21426.0,9164000.0
2020-04-26,21426.0,9376000.0
2020-04-27,21838.0,9490000.0
2020-04-28,21950.0,9410000.0
2020-04-29,22090.0,10530000.0
2020-04-30,22090.0,10477000.0
2020-05-01,22090.0,10773000.0
2020-05-02,22090.0,10882000.0
2020-05-03,22090.0,10887000.0
2020-05-04,21640.0,10850000.0
2020-05-05,21640.0,10972000.0
2020-05-06,22293.0,11269000.0
2020-05-07,22888.0,11998000.0
2020-05-08,23511.0,11881000.0
2020-05-09,23511.0,11550000.0
2020-05-10,23511.0,10671000.0
2020-05-11,23381.0,10448000.0
2020-05-12,23280.0,10677000.0
2020-05-13,23149.0,11268000.0
2020-05-14,22753.0,11776000.0
2020-05-15,23299.0,11314000.0
2020-05-16,23299.0,11325000.0
2020-05-17,23299.0,11619000.0
2020-05-18,23222.0,11705000.0
2020-05-19,23637.0,11727000.0
2020-05-20,24459.0,11532000.0
2020-05-21,24634.0,11089000.0
2020-05-22,24257.0,11117000.0
2020-05-23,24257.0,11140000.0
2020-05-24,24257.0,10664000.0
2020-05-25,24777.0,10825000.0
2020-05-26,25039.0,10729000.0
2020-05-27,24498.0,11163000.0
2020-05-28,24020.0,11579000.0
2020-05-29,23904.0,11398000.0
2020-05-30,23904.0,11581000.0
2020-05-31,23904.0,11432000.0
2020-06-01,24840.0,12112000.0
2020-06-02,24903.0,11520000.0
2020-06-03,25388.0,11648000.0
2020-06-04,25228.0,11784000.0
2020-06-05,25509.0,11597000.0
2020-06-06,25509.0,11641000.0
2020-06-07,25509.0,11687000.0
2020-06-08,25397.0,11690000.0
2020-06-09,25208.0,11688000.0
2020-06-10,25325.0,11737000.0
2020-06-11,24870.0,11090000.0
2020-06-12,24178.0,11380000.0
2020-06-13,24178.0,11388000.0
2020-06-14,24178.0,11246000.0
2020-06-15,22516.0,11346000.0
2020-06-16,23704.0,11453000.0
2020-06-17,23947.0,11437000.0
2020-06-18,23894.0,11341000.0
2020-06-19,24001.0,11286000.0
2020-06-20,24001.0,11325000.0
2020-06-21,24001.0,11238000.0
2020-06-22,24134.0,11593000.0
2020-06-23,24082.0,11509000.0
2020-06-24,24726.0,11233000.0
2020-06-25,24035.0,11147000.0
2020-06-26,24429.0,11045000.0
2020-06-27,24429.0,10913000.0
2020-06-28,24429.0,10970000.0
2020-06-29,23884.0,10972000.0
2020-06-30,24402.0,10903000.0
2020-07-01,24348.0,11051000.0
2020-07-02,24425.0,10888000.0
2020-07-03,24787.0,10837000.0
2020-07-04,24787.0,10884000.0
2020-07-05,24787.0,10831000.0
2020-07-06,25267.0,11065000.0
2020-07-07,25078.0,10988000.0
2020-07-08,24991.0,11138000.0
2020-07-09,25179.0,10961000.0
2020-07-10,25253.0,11043000.0
2020-07-11,25253.0,10957000.0
2020-07-12,25253.0,11036000.0
2020-07-13,25330.0,11000000.0
2020-07-14,25263.0,11010000.0
2020-07-15,25575.0,10975000.0
2020-07-16,25011.0,10934000.0
2020-07-17,25402.0,10937000.0
2020-07-18,25402.0,10905000.0
2020-07-19,25402.0,10943000.0
2020-07-20,25258.0,10950000.0
2020-07-21,25687.0,11123000.0
2020-07-22,25706.0,11269000.0
2020-07-23,25852.0,11331000.0
2020-07-24,25672.0,11346000.0
2020-07-25,25672.0,11477000.0
2020-07-26,25672.0,11715000.0
2020-07-27,26287.0,12916000.0
2020-07-28,26944.0,12772000.0
2020-07-29,27060.0,13124000.0
2020-07-30,27660.0,13098000.0
2020-07-31,27069.0,13416000.0
2020-08-01,27069.0,13922000.0
2020-08-02,27069.0,13030000.0
2020-08-03,27248.0,13272000.0
2020-08-04,27182.0,13319000.0
2020-08-05,27452.0,13843000.0
2020-08-06,27379.0,13884000.0
2020-08-07,27262.0,13777000.0
2020-08-08,27262.0,13887000.0
2020-08-09,27262.0,13820000.0
2020-08-10,27167.0,13990000.0
2020-08-11,26954.0,13619000.0
2020-08-12,26629.0,13709000.0
2020-08-13,26876.0,13810000.0
2020-08-14,26548.0,13846000.0
2020-08-15,26548.0,13878000.0
2020-08-16,26548.0,13889000.0
2020-08-17,26548.0,14204000.0
2020-08-18,25509.0,14000000.0
2020-08-19,25976.0,13878000.0
2020-08-20,24459.0,13967000.0
2020-08-21,24802.0,13781000.0
2020-08-22,24802.0,13840000.0
2020-08-23,24802.0,13802000.0
2020-08-24,25238.0,13876000.0
2020-08-25,25682.0,13476000.0
2020-08-26,25550.0,13561000.0
2020-08-27,25151.0,13401000.0
2020-08-28,25243.0,13549000.0
2020-08-29,25243.0,13470000.0
2020-08-30,25243.0,13671000.0
2020-08-31,25330.0,13739000.0
2020-09-01,25509.0,13974000.0
2020-09-02,25818.0,13571000.0
2020-09-03,26490.0,12303000.0
2020-09-04,25867.0,12636000.0
2020-09-05,25867.0,12382000.0
2020-09-06,25867.0,12353000.0
2020-09-07,26088.0,12388000.0
2020-09-08,26500.0,12131000.0
2020-09-09,26383.0,12177000.0
2020-09-10,26736.0,12328000.0
2020-09-11,26711.0,12336000.0
2020-09-12,26711.0,12379000.0
2020-09-13,26711.0,12377000.0
2020-09-14,27012.0,12659000.0
2020-09-15,27114.0,12814000.0
2020-09-16,26683.0,12913000.0
2020-09-17,26427.0,12811000.0
2020-09-18,26842.0,12777000.0
2020-09-19,26842.0,12940000.0
2020-09-20,26842.0,12819000.0
2020-09-21,26171.0,12290000.0
2020-09-22,25330.0,12344000.0
2020-09-23,25996.0,11943000.0
2020-09-24,25203.0,12500000.0
2020-09-25,25053.0,12455000.0
2020-09-26,25053.0,12506000.0
2020-09-27,25053.0,12515000.0
2020-09-28,25813.0,12468000.0
2020-09-29,26108.0,12601000.0
2020-09-30,26108.0,12558000.0
2020-10-01,26108.0,12440000.0
2020-10-02,26108.0,12423000.0
2020-10-03,26108.0,12393000.0
2020-10-04,26108.0,12447000.0
2020-10-05,26098.0,12536000.0
2020-10-06,26132.0,12418000.0
2020-10-07,26161.0,12423000.0
2020-10-08,26073.0,12582000.0
2020-10-09,26073.0,12638000.0
2020-10-10,26073.0,12864000.0
2020-10-11,26073.0,12934000.0
2020-10-12,26244.0,13172000.0
2020-10-13,26480.0,13134000.0
2020-10-14,25972.0,13150000.0
2020-10-15,25629.0,13226000.0
2020-10-16,25373.0,13054000.0
2020-10-17,25373.0,13078000.0
2020-10-18,25373.0,13207000.0
2020-10-19,25137.0,13415000.0
2020-10-20,25142.0,13646000.0
2020-10-21,25179.0,14423000.0
2020-10-22,24653.0,14558000.0
2020-10-23,24387.0,14584000.0
2020-10-24,24387.0,14760000.0
2020-10-25,24387.0,14690000.0
2020-10-26,23555.0,14764000.0
2020-10-27,23599.0,15312000.0
2020-10-28,24363.0,15060000.0
2020-10-29,24692.0,15207000.0
2020-10-30,24077.0,15340000.0
2020-10-31,24077.0,15606000.0
2020-11-01,24077.0,15574000.0
2020-11-02,24163.0,15397000.0
2020-11-03,24721.0,15881000.0
2020-11-04,25420.0,15959000.0
2020-11-05,25828.0,17352000.0
2020-11-06,25580.0,17397000.0
2020-11-07,25580.0,16647000.0
2020-11-08,25580.0,17297000.0
2020-11-09,25756.0,17106000.0
2020-11-10,25560.0,17035000.0
2020-11-11,25533.0,17439000.0
2020-11-12,25580.0,17954000.0
2020-11-13,25958.0,17988000.0
2020-11-14,25958.0,17796000.0
2020-11-15,25958.0,17670000.0
2020-11-16,27262.0,18275000.0
2020-11-17,27060.0,19332000.0
2020-11-18,27099.0,19714000.0
2020-11-19,27461.0,19802000.0
2020-11-20,27602.0,20627000.0
2020-11-21,27602.0,20351000.0
2020-11-22,27602.0,20307000.0
2020-11-23,27871.0,20100000.0
2020-11-24,27837.0,20957000.0
2020-11-25,27365.0,20840000.0
2020-11-26,27900.0,19225000.0
2020-11-27,28056.0,19129000.0
2020-11-28,28056.0,19484000.0
2020-11-29,28056.0,19991000.0
2020-11-30,27790.0,21315000.0
2020-12-01,27766.0,20867000.0
2020-12-02,28650.0,21097000.0
2020-12-03,28578.0,21179000.0
2020-12-04,28821.0,20569000.0
2020-12-05,28821.0,20781000.0
2020-12-06,28821.0,20976000.0
2020-12-07,29091.0,20834000.0
2020-12-08,28931.0,20010000.0
2020-12-09,29385.0,20267000.0
2020-12-10,29414.0,19950000.0
2020-12-11,29370.0,19658000.0
2020-12-12,29370.0,20585000.0
2020-12-13,29370.0,20793000.0
2020-12-14,29153.0,20939000.0
2020-12-15,29540.0,21103000.0
2020-12-16,29985.0,22888000.0
2020-12-17,30638.0,24743000.0
2020-12-18,30327.0,25151000.0
2020-12-19,30327.0,26169000.0
2020-12-20,30327.0,25880000.0
2020-12-21,30188.0,25387000.0
2020-12-22,29424.0,26776000.0
2020-12-23,29927.0,26380000.0
2020-12-24,30540.0,26503000.0
2020-12-25,30540.0,27122000.0
2020-12-26,30540.0,29378000.0
2020-12-27,30540.0,29319000.0
2020-12-28,30880.0,30249000.0
2020-12-29,31519.0,30498000.0
2020-12-30,32494.0,31891000.0
2020-12-31,32494.0,32042000.0
2021-01-01,32494.0,32296000.0
2021-01-02,32494.0,35700000.0
2021-01-03,32494.0,37537000.0
2021-01-04,33214.0,36460000.0
2021-01-05,33557.0,38093000.0
2021-01-06,33519.0,40762000.0
2021-01-07,34055.0,44698000.0
2021-01-08,34302.0,47215000.0
2021-01-09,34302.0,45718000.0
2021-01-10,34302.0,43404000.0
2021-01-11,34195.0,40094000.0
2021-01-12,34128.0,38577000.0
2021-01-13,34316.0,41380000.0
2021-01-14,34165.0,42735000.0
2021-01-15,34170.0,40952000.0
2021-01-16,34170.0,40086000.0
2021-01-17,34170.0,39536000.0
2021-01-18,34180.0,40008000.0
2021-01-19,34858.0,39586000.0
2021-01-20,36255.0,39253000.0
2021-01-21,36250.0,34519000.0
2021-01-22,35709.0,36345000.0
2021-01-23,35709.0,35493000.0
2021-01-24,35709.0,35539000.0
2021-01-25,36463.0,36054000.0
2021-01-26,36187.0,35923000.0
2021-01-27,35630.0,34300000.0
2021-01-28,34640.0,36624000.0
2021-01-29,33411.0,37523000.0
2021-01-30,33411.0,37087000.0
2021-01-31,33411.0,36408000.0
2021-02-01,34365.0,36618000.0
2021-02-02,34775.0,37910000.0
2021-02-03,34868.0,39357000.0
2021-02-04,34331.0,39810000.0
2021-02-05,34403.0,40424000.0
2021-02-06,34403.0,41725000.0
2021-02-07,34403.0,41921000.0
2021-02-08,34200.0,49070000.0
2021-02-09,34253.0,48779000.0
2021-02-10,34389.0,48550000.0
2021-02-11,34389.0,51370000.0
2021-02-12,34389.0,50836000.0
2021-02-13,34389.0,50626000.0
2021-02-14,34389.0,52706000.0
2021-02-15,36100.0,52532000.0
2021-02-16,36453.0,54760000.0
2021-02-17,36255.0,57484000.0
2021-02-18,35316.0,57852000.0
2021-02-19,35850.0,63649000.0
2021-02-20,35850.0,64251000.0
2021-02-21,35850.0,65417000.0
2021-02-22,35433.0,61744000.0
2021-02-23,35076.0,55105000.0
2021-02-24,34093.0,56500000.0
2021-02-25,35655.0,54168000.0
2021-02-26,34606.0,53804000.0
2021-02-27,34606.0,53494000.0
2021-02-28,34606.0,51798000.0
2021-03-01,34606.0,56426000.0
2021-03-02,35076.0,56000000.0
2021-03-03,35413.0,57933000.0
2021-03-04,34693.0,56426000.0
2021-03-05,34398.0,56654000.0
2021-03-06,34398.0,56225000.0
2021-03-07,34398.0,58155000.0
2021-03-08,33499.0,59821000.0
2021-03-09,33165.0,62949000.0
2021-03-10,32677.0,64350000.0
2021-03-11,33552.0,66208000.0
2021-03-12,34302.0,66607000.0
2021-03-13,34302.0,70615000.0
2021-03-14,34302.0,68587000.0
2021-03-15,34035.0,64487000.0
2021-03-16,35227.0,66020000.0
2021-03-17,35331.0,68494000.0
2021-03-18,35645.0,67139000.0
2021-03-19,35467.0,67974000.0
2021-03-20,35467.0,67849000.0
2021-03-21,35467.0,67120000.0
2021-03-22,35714.0,64725000.0
2021-03-23,35143.0,65458000.0
2021-03-24,35544.0,64777000.0
2021-03-25,35292.0,63328000.0
2021-03-26,35336.0,65675000.0
2021-03-27,35336.0,66591000.0
2021-03-28,35336.0,67133000.0
2021-03-29,34959.0,68701000.0
2021-03-30,35267.0,70800000.0
2021-03-31,35095.0,71513000.0
2021-04-01,36318.0,72749000.0
2021-04-02,36835.0,73855000.0
2021-04-03,36835.0,72187000.0
2021-04-04,36835.0,73974000.0
2021-04-05,37589.0,78770000.0
2021-04-06,37492.0,77944000.0
2021-04-07,37212.0,72850000.0
2021-04-08,37338.0,75316000.0
2021-04-09,37172.0,76066000.0
2021-04-10,37172.0,78530000.0
2021-04-11,37172.0,78743000.0
2021-04-12,37043.0,78178000.0
2021-04-13,37406.0,80736000.0
2021-04-14,37212.0,80401000.0
2021-04-15,37284.0,79670000.0
2021-04-16,37623.0,79351000.0
2021-04-17,37623.0,77905000.0
2021-04-18,37623.0,75643000.0
2021-04-19,38990.0,71456000.0
2021-04-20,39136.0,70402000.0
2021-04-21,38468.0,68198000.0
2021-04-22,38798.0,59962000.0
2021-04-23,38890.0,60900000.0
2021-04-24,38890.0,60853000.0
2021-04-25,38890.0,59859000.0
2021-04-26,38953.0,64198000.0
2021-04-27,38915.0,64767000.0
2021-04-28,37298.0,64100000.0
2021-04-29,36814.0,63814000.0
2021-04-30,36476.0,67939000.0
2021-05-01,36476.0,69049000.0
2021-05-02,36476.0,68452000.0
2021-05-03,36296.0,69996000.0
2021-05-04,36527.0,66829000.0
2021-05-05,36527.0,68679000.0
2021-05-06,36135.0,68767000.0
2021-05-07,36243.0,68563000.0
2021-05-08,36243.0,71740000.0
2021-05-09,36243.0,71505000.0
2021-05-10,36586.0,70902000.0
2021-05-11,35277.0,69741000.0
2021-05-12,34953.0,62257000.0
2021-05-13,34026.0,63069000.0
2021-05-14,35161.0,61797000.0
2021-05-15,35161.0,58807000.0
2021-05-16,35161.0,57649000.0
2021-05-17,34716.0,54057000.0
2021-05-18,35287.0,53419000.0
2021-05-19,35287.0,50379000.0
2021-05-20,35797.0,51320000.0
2021-05-21,35792.0,49112000.0
2021-05-22,35792.0,47460000.0
2021-05-23,35792.0,42585000.0
2021-05-24,34875.0,46963000.0
2021-05-25,35235.0,47047000.0
2021-05-26,35161.0,47325000.0
2021-05-27,35613.0,46563000.0
2021-05-28,35665.0,43723000.0
2021-05-29,35665.0,42688000.0
2021-05-30,35665.0,43177000.0
2021-05-31,35613.0,43761000.0
2021-06-01,35937.0,43200000.0
2021-06-02,35841.0,43732000.0
2021-06-03,36775.0,45431000.0
2021-06-04,36461.0,42938000.0
2021-06-05,36461.0,41943000.0
2021-06-06,36461.0,41780000.0
2021-06-07,36417.0,39064000.0
2021-06-08,36013.0,38494000.0
2021-06-09,35341.0,43278000.0
2021-06-10,35514.0,42836000.0
2021-06-11,35865.0,43698000.0
2021-06-12,35865.0,41430000.0
2021-06-13,35865.0,44746000.0
2021-06-14,35690.0,46501000.0
2021-06-15,35846.0,46389000.0
2021-06-16,36028.0,45295000.0
2021-06-17,36219.0,44854000.0
2021-06-18,36373.0,42599000.0
2021-06-19,36373.0,42088000.0
2021-06-20,36373.0,41842000.0
2021-06-21,35836.0,37393000.0
2021-06-22,35873.0,37784000.0
2021-06-23,36092.0,39077000.0
2021-06-24,36243.0,40098000.0
2021-06-25,36668.0,37152000.0
2021-06-26,36668.0,37629000.0
2021-06-27,36668.0,39985000.0
2021-06-28,36611.0,39959000.0
2021-06-29,36819.0,41528000.0
2021-06-30,37343.0,40674000.0
2021-07-01,37047.0,39320000.0
2021-07-02,36693.0,39442000.0
2021-07-03,36693.0,40299000.0
2021-07-04,36693.0,40948000.0
2021-07-05,37037.0,39506000.0
2021-07-06,37202.0,39814000.0
2021-07-07,37032.0,39743000.0
2021-07-08,36451.0,39082000.0
2021-07-09,36058.0,39820000.0
2021-07-10,36058.0,39626000.0
2021-07-11,36058.0,40194000.0
2021-07-12,36271.0,39193000.0
2021-07-13,36658.0,38713000.0
2021-07-14,36640.0,38592000.0
2021-07-15,37240.0,37606000.0
2021-07-16,36713.0,37199000.0
2021-07-17,36713.0,37205000.0
2021-07-18,36713.0,37663000.0
2021-07-19,36678.0,36799000.0
2021-07-20,36542.0,35305000.0
2021-07-21,36422.0,38013000.0
2021-07-22,37348.0,37925000.0
2021-07-23,37275.0,39108000.0
2021-07-24,37275.0,40112000.0
2021-07-25,37275.0,41070000.0
2021-07-26,37077.0,43001000.0
2021-07-27,37028.0,45409000.0
2021-07-28,36446.0,46350000.0
2021-07-29,36441.0,45907000.0
2021-07-30,36000.0,48555000.0
2021-07-31,36000.0,47979000.0
2021-08-01,36000.0,46274000.0
2021-08-02,36775.0,45451000.0
2021-08-03,37478.0,44969000.0
2021-08-04,37576.0,45718000.0
2021-08-05,37807.0,47139000.0
2021-08-06,37658.0,49349000.0
2021-08-07,37658.0,50956000.0
2021-08-08,37658.0,50799000.0
2021-08-09,37856.0,52846000.0
2021-08-10,37235.0,52339000.0
2021-08-11,35856.0,52590000.0
2021-08-12,35226.0,52079000.0
2021-08-13,34624.0,55146000.0
2021-08-14,34624.0,54812000.0
2021-08-15,34624.0,54636000.0
2021-08-16,34624.0,53863000.0
2021-08-17,34347.0,52660000.0
2021-08-18,34798.0,52812000.0
2021-08-19,33741.0,55017000.0
2021-08-20,33344.0,57683000.0
2021-08-21,33344.0,57553000.0
2021-08-22,33344.0,57681000.0
2021-08-23,33708.0,57627000.0
2021-08-24,34647.0,56134000.0
2021-08-25,34581.0,57100000.0
2021-08-26,34604.0,55225000.0
2021-08-27,34531.0,57401000.0
2021-08-28,34531.0,57428000.0
2021-08-29,34531.0,57272000.0
2021-08-30,34604.0,55800000.0
2021-08-31,34992.0,55230000.0
2021-09-01,35123.0,56455000.0
2021-09-02,34866.0,57155000.0
2021-09-03,35065.0,57783000.0
2021-09-04,35065.0,57827000.0
2021-09-05,35065.0,59212000.0
2021-09-06,34953.0,60839000.0
2021-09-07,34638.0,56672000.0
2021-09-08,34503.0,55580000.0
2021-09-09,33887.0,55900000.0
2021-09-10,34148.0,55031000.0
2021-09-11,34148.0,54800000.0
2021-09-12,34148.0,55078000.0
2021-09-13,33848.0,54274000.0
2021-09-14,34202.0,56564000.0
2021-09-15,34129.0,57207000.0
2021-09-16,33678.0,57277000.0
2021-09-17,34212.0,57642000.0
2021-09-18,34212.0,58597000.0
2021-09-19,34212.0,57976000.0
2021-09-20,34212.0,53801000.0
2021-09-21,34212.0,50699000.0
2021-09-22,34212.0,53856000.0
2021-09-23,33605.0,54410000.0
2021-09-24,33421.0,52176000.0
2021-09-25,33421.0,52326000.0
2021-09-26,33421.0,52798000.0
2021-09-27,33262.0,51834000.0
2021-09-28,32404.0,50309000.0
2021-09-29,31769.0,50800000.0
2021-09-30,31890.0,53523000.0
2021-10-01,31211.0,58348000.0
2021-10-02,31211.0,58228000.0
2021-10-03,31211.0,58567000.0
2021-10-04,31211.0,60020000.0
2021-10-05,30688.0,61666000.0
2021-10-06,29927.0,67000000.0
2021-10-07,30601.0,65500000.0
2021-10-08,30092.0,65951000.0
2021-10-09,30092.0,67057000.0
2021-10-10,30092.0,67801000.0
2021-10-11,30092.0,70921000.0
2021-10-12,29651.0,69164000.0
2021-10-13,29748.0,69857000.0
2021-10-14,30552.0,69783000.0
2021-10-15,31367.0,75688000.0
2021-10-16,31367.0,74806000.0
2021-10-17,31367.0,75933000.0
2021-10-18,31372.0,76546000.0
2021-10-19,31458.0,78776000.0
2021-10-20,31337.0,79917000.0
2021-10-21,30968.0,76396000.0
2021-10-22,31182.0,74364000.0
2021-10-23,31182.0,74830000.0
2021-10-24,31182.0,74501000.0
2021-10-25,31449.0,76200000.0
2021-10-26,32012.0,73293000.0
2021-10-27,31905.0,71845000.0
2021-10-28,33024.0,73122000.0
2021-10-29,32506.0,74568000.0
2021-10-30,32506.0,73413000.0
2021-10-31,32506.0,72391000.0
2021-11-01,32666.0,72401000.0
2021-11-02,32980.0,74150000.0
2021-11-03,32568.0,74600000.0
2021-11-04,32627.0,73807000.0
2021-11-05,32819.0,74121000.0
2021-11-06,32819.0,74575000.0
2021-11-07,32819.0,76536000.0
2021-11-08,32777.0,81403000.0
2021-11-09,32748.0,80857000.0
2021-11-10,32171.0,79660000.0
2021-11-11,32079.0,78917000.0
2021-11-12,32782.0,78165000.0
2021-11-13,32782.0,77867000.0
2021-11-14,32782.0,79310000.0
2021-11-15,33974.0,77602000.0
2021-11-16,33964.0,73897000.0
2021-11-17,33873.0,73935000.0
2021-11-18,33877.0,70611000.0
2021-11-19,35060.0,71813000.0
2021-11-20,35060.0,73669000.0
2021-11-21,35060.0,73047000.0
2021-11-22,36625.0,70589000.0
2021-11-23,36305.0,71802000.0
2021-11-24,35715.0,71680000.0
2021-11-25,35157.0,73171000.0
2021-11-26,34696.0,68549000.0
2021-11-27,34696.0,70039000.0
2021-11-28,34696.0,72303000.0
2021-11-29,34255.0,72240000.0
2021-11-30,33421.0,70702000.0
2021-12-01,34440.0,70936000.0
2021-12-02,35603.0,70539000.0
2021-12-03,35729.0,68053000.0
2021-12-04,35729.0,62206000.0
2021-12-05,35729.0,61877000.0
2021-12-06,36199.0,62626000.0
2021-12-07,36727.0,63204000.0
2021-12-08,36252.0,62217000.0
2021-12-09,36392.0,59425000.0
2021-12-10,35777.0,59683000.0
2021-12-11,35777.0,61427000.0
2021-12-12,35777.0,62049000.0
2021-12-13,36150.0,58626000.0
2021-12-14,35946.0,59930000.0
2021-12-15,36140.0,61198000.0
2021-12-16,36504.0,59817000.0
2021-12-17,36000.0,58086000.0
2021-12-18,36000.0,58402000.0
2021-12-19,36000.0,58329000.0
2021-12-20,35715.0,58011000.0
2021-12-21,36625.0,60023000.0
2021-12-22,36901.0,59753000.0
2021-12-23,37571.0,61490000.0
2021-12-24,37512.0,61939000.0
2021-12-25,37512.0,61177000.0
2021-12-26,37512.0,61467000.0
2021-12-27,37391.0,61508000.0
2021-12-28,37920.0,58274000.0
2021-12-29,37870.0,57089000.0
2021-12-30,38486.0,57200000.0
2021-12-31,38486.0,56784000.0
2022-01-01,38486.0,57915000.0
2022-01-02,38486.0,57531000.0
2022-01-03,38778.0,56641000.0
2022-01-04,38481.0,56023000.0
2022-01-05,37396.0,53854000.0
2022-01-06,36509.0,53239000.0
2022-01-07,37318.0,51449000.0
2022-01-08,37318.0,52142000.0
2022-01-09,37318.0,51678000.0
2022-01-10,36513.0,51246000.0
2022-01-11,36630.0,52307000.0
2022-01-12,37401.0,53349000.0
2022-01-13,37464.0,51885000.0
2022-01-14,37653.0,52230000.0
2022-01-15,37653.0,52357000.0
2022-01-16,37653.0,52165000.0
2022-01-17,37707.0,51436000.0
2022-01-18,37434.0,51179000.0
2022-01-19,36901.0,50333000.0
2022-01-20,37323.0,49648000.0
2022-01-21,35777.0,45316000.0
2022-01-22,35777.0,43375000.0
2022-01-23,35777.0,44253000.0
2022-01-24,35670.0,44731000.0
2022-01-25,35356.0,44909000.0
2022-01-26,34721.0,45100000.0
2022-01-27,33732.0,45809000.0
2022-01-28,35201.0,46588000.0
2022-01-29,35201.0,47146000.0
2022-01-30,35201.0,47208000.0
2022-01-31,35201.0,47266000.0
2022-02-01,35201.0,47760000.0
2022-02-02,35201.0,45517000.0
2022-02-03,35257.0,45835000.0
2022-02-04,35564.0,50633000.0
2022-02-05,35564.0,50788000.0
2022-02-06,35564.0,51732000.0
2022-02-07,34788.0,53511000.0
2022-02-08,34395.0,53651000.0
2022-02-09,34889.0,53660000.0
2022-02-10,35211.0,53123000.0
2022-02-11,34624.0,51882000.0
2022-02-12,34624.0,51597000.0
2022-02-13,34624.0,51550000.0
2022-02-14,33761.0,51586000.0
2022-02-15,33334.0,53832000.0
2022-02-16,34652.0,53298000.0
2022-02-17,34691.0,49376000.0
2022-02-18,34817.0,49015000.0
2022-02-19,34817.0,49035000.0
2022-02-20,34817.0,47131000.0
2022-02-21,34546.0,45450000.0
2022-02-22,33950.0,46474000.0
2022-02-23,34367.0,45543000.0
2022-02-24,33306.0,46927000.0
2022-02-25,34051.0,47831000.0
2022-02-26,34051.0,47809000.0
2022-02-27,34051.0,46358000.0
2022-02-28,34231.0,52332000.0
2022-03-01,34231.0,53790000.0
2022-03-02,34566.0,53359000.0
2022-03-03,35311.0,51842000.0
2022-03-04,34754.0,48450000.0
2022-03-05,34754.0,48605000.0
2022-03-06,34754.0,47745000.0
2022-03-07,33722.0,47415000.0
2022-03-08,33106.0,48213000.0
2022-03-09,33106.0,51570000.0
2022-03-10,33950.0,48917000.0
2022-03-11,33640.0,48315000.0
2022-03-12,33640.0,48500000.0
2022-03-13,33640.0,47510000.0
2022-03-14,32834.0,49171000.0
2022-03-15,32535.0,48640000.0
2022-03-16,33557.0,50389000.0
2022-03-17,34566.0,50069000.0
2022-03-18,34948.0,50770000.0
2022-03-19,34948.0,51245000.0
2022-03-20,34948.0,50462000.0
2022-03-21,34875.0,50128000.0
2022-03-22,35321.0,51704000.0
2022-03-23,35438.0,52138000.0
2022-03-24,35579.0,52966000.0
2022-03-25,35631.0,53791000.0
2022-03-26,35631.0,53902000.0
2022-03-27,35631.0,55949000.0
2022-03-28,35655.0,56914000.0
2022-03-29,35927.0,56985000.0
2022-03-30,36009.0,56620000.0
2022-03-31,35782.0,55352000.0
2022-04-01,35253.0,56369000.0
2022-04-02,35253.0,56050000.0
2022-04-03,35253.0,56639000.0
2022-04-04,35346.0,57055000.0
2022-04-05,35482.0,56155000.0
2022-04-06,34586.0,53072000.0
2022-04-07,34571.0,53814000.0
2022-04-08,34657.0,52934000.0
2022-04-09,34657.0,53258000.0
2022-04-10,34657.0,52819000.0
2022-04-11,34226.0,50050000.0
2022-04-12,34245.0,50577000.0
2022-04-13,34812.0,51700000.0
2022-04-14,34661.0,50245000.0
2022-04-15,34362.0,50850000.0
2022-04-16,34362.0,50567000.0
2022-04-17,34362.0,49962000.0
2022-04-18,34541.0,50839000.0
2022-04-19,35705.0,51458000.0
2022-04-20,35695.0,51388000.0
2022-04-21,35991.0,50805000.0
2022-04-22,35584.0,49937000.0
2022-04-23,35584.0,49742000.0
2022-04-24,35584.0,49620000.0
2022-04-25,34744.0,50614000.0
2022-04-26,35035.0,48777000.0
2022-04-27,34517.0,49954000.0
2022-04-28,34248.0,50580000.0
2022-04-29,34703.0,49731000.0
2022-04-30,34703.0,49283000.0
2022-05-01,34703.0,49383000.0
2022-05-02,34278.0,49520000.0
2022-05-03,34781.0,48777000.0
2022-05-04,34503.0,50616000.0
2022-05-05,34503.0,47647000.0
2022-05-06,33755.0,47031000.0
2022-05-07,33755.0,46507000.0
2022-05-08,33755.0,44770000.0
2022-05-09,33062.0,41002000.0
2022-05-10,33491.0,41046000.0
2022-05-11,34238.0,40290000.0
2022-05-12,33282.0,39243000.0
2022-05-13,34220.0,39270000.0
2022-05-14,34220.0,39967000.0
2022-05-15,34220.0,40906000.0
2022-05-16,34058.0,39256000.0
2022-05-17,34454.0,39259000.0
2022-05-18,34663.0,37099000.0
2022-05-19,34278.0,38780000.0
2022-05-20,34488.0,37762000.0
2022-05-21,34488.0,38037000.0
2022-05-22,34488.0,38933000.0
2022-05-23,34644.0,37436000.0
2022-05-24,33370.0,37827000.0
2022-05-25,33628.0,37935000.0
2022-05-26,33003.0,37662000.0
2022-05-27,33155.0,36837000.0
2022-05-28,33155.0,37034000.0
2022-05-29,33155.0,37380000.0
2022-05-30,33580.0,39550000.0
2022-05-31,33687.0,39923000.0
2022-06-01,33687.0,37880000.0
2022-06-02,33555.0,38392000.0
2022-06-03,33481.0,37851000.0
2022-06-04,33481.0,37916000.0
2022-06-05,33481.0,37972000.0
2022-06-06,33481.0,39532000.0
2022-06-07,32686.0,39398000.0
2022-06-08,32744.0,38581000.0
2022-06-09,32612.0,38256000.0
2022-06-10,32075.0,37611000.0
2022-06-11,32075.0,37058000.0
2022-06-12,32075.0,34718000.0
2022-06-13,30545.0,29372000.0
2022-06-14,30428.0,28829000.0
2022-06-15,29798.0,29253000.0
2022-06-16,29564.0,26898000.0
2022-06-17,29113.0,27010000.0
2022-06-18,29113.0,25093000.0
2022-06-19,29113.0,26642000.0
2022-06-20,28127.0,26643000.0
2022-06-21,28274.0,26967000.0
2022-06-22,28264.0,26193000.0
2022-06-23,26281.0,27419000.0
2022-06-24,27121.0,27597000.0
2022-06-25,27121.0,27832000.0
2022-06-26,27121.0,27460000.0
2022-06-27,27853.0,27039000.0
2022-06-28,27781.0,26547000.0
2022-06-29,27512.0,26548000.0
2022-06-30,26603.0,26003000.0
2022-07-01,25822.0,25556000.0
2022-07-02,25822.0,25463000.0
2022-07-03,25822.0,25422000.0
2022-07-04,25572.0,26399000.0
2022-07-05,26423.0,26548000.0
2022-07-06,25964.0,26954000.0
2022-07-07,26657.0,28115000.0
2022-07-08,26755.0,28241000.0
2022-07-09,26755.0,28200000.0
2022-07-10,26755.0,27317000.0
2022-07-11,26725.0,26460000.0
2022-07-12,25455.0,25723000.0
2022-07-13,25891.0,26611000.0
2022-07-14,25944.0,27135000.0
2022-07-15,26476.0,27518000.0
2022-07-16,26476.0,27857000.0
2022-07-17,26476.0,27505000.0
2022-07-18,27228.0,29322000.0
2022-07-19,27009.0,30660000.0
2022-07-20,27385.0,30505000.0
2022-07-21,27761.0,30415000.0
2022-07-22,27424.0,30080000.0
2022-07-23,27424.0,29722000.0
2022-07-24,27424.0,29818000.0
2022-07-25,27307.0,28555000.0
2022-07-26,27468.0,28401000.0
2022-07-27,27487.0,30202000.0
2022-07-28,27497.0,31217000.0
2022-07-29,27693.0,31404000.0
2022-07-30,27693.0,31281000.0
2022-07-31,27693.0,30751000.0
2022-08-01,27561.0,30851000.0
2022-08-02,27176.0,30754000.0
2022-08-03,27213.0,30708000.0
2022-08-04,27395.0,30315000.0
2022-08-05,27532.0,30767000.0
2022-08-06,27532.0,30534000.0
2022-08-07,27532.0,30685000.0
2022-08-08,27195.0,31459000.0
2022-08-09,26779.0,30997000.0
2022-08-10,25846.0,31583000.0
2022-08-11,26486.0,31770000.0
2022-08-12,26911.0,32368000.0
2022-08-13,26911.0,32562000.0
2022-08-14,26911.0,32544000.0
2022-08-15,26911.0,32445000.0
2022-08-16,27512.0,32082000.0
2022-08-17,27292.0,31547000.0
2022-08-18,27434.0,31720000.0
2022-08-19,27186.0,28678000.0
2022-08-20,27186.0,29340000.0
2022-08-21,27186.0,29459000.0
2022-08-22,26476.0,29260000.0
2022-08-23,26100.0,29307000.0
2022-08-24,26115.0,29104000.0
2022-08-25,26705.0,29300000.0
2022-08-26,26936.0,27969000.0
2022-08-27,26936.0,27739000.0
2022-08-28,26936.0,27099000.0
2022-08-29,25866.0,27792000.0
2022-08-30,26403.0,27314000.0
2022-08-31,26916.0,27530000.0
2022-09-01,26212.0,27636000.0
2022-09-02,25871.0,27571000.0
2022-09-03,25871.0,27447000.0
2022-09-04,25871.0,27528000.0
2022-09-05,25514.0,27309000.0
2022-09-06,25646.0,26361000.0
2022-09-07,25187.0,26810000.0
2022-09-08,25079.0,26887000.0
2022-09-09,25079.0,29350000.0
2022-09-10,25079.0,29727000.0
2022-09-11,25079.0,30028000.0
2022-09-12,25079.0,30656000.0
2022-09-13,25924.0,28371000.0
2022-09-14,25343.0,28344000.0
2022-09-15,25275.0,28024000.0
2022-09-16,24981.0,27915000.0
2022-09-17,24981.0,28174000.0
2022-09-18,24981.0,27490000.0
2022-09-19,24795.0,27566000.0
2022-09-20,24718.0,26757000.0
2022-09-21,24454.0,26538000.0
2022-09-22,24039.0,27572000.0
2022-09-23,23438.0,27594000.0
2022-09-24,23438.0,27270000.0
2022-09-25,23438.0,27051000.0
2022-09-26,22461.0,27597000.0
2022-09-27,22441.0,27501000.0
2022-09-28,21904.0,27952000.0
2022-09-29,21523.0,28033000.0
2022-09-30,21659.0,27924000.0
2022-10-01,21659.0,27868000.0
2022-10-02,21659.0,27691000.0
2022-10-03,21659.0,28299000.0
2022-10-04,22959.0,28980000.0
2022-10-05,22983.0,28721000.0
2022-10-06,23760.0,28418000.0
2022-10-07,23706.0,27805000.0
2022-10-08,23706.0,27743000.0
2022-10-09,23706.0,27679000.0
2022-10-10,23706.0,27401000.0
2022-10-11,23047.0,27339000.0
2022-10-12,23458.0,27460000.0
2022-10-13,23086.0,27810000.0
2022-10-14,23746.0,27660000.0
2022-10-15,23746.0,27524000.0
2022-10-16,23746.0,27655000.0
2022-10-17,23677.0,27993000.0
2022-10-18,23814.0,27812000.0
2022-10-19,23281.0,27657000.0
2022-10-20,22852.0,27505000.0
2022-10-21,22833.0,27580000.0
2022-10-22,22833.0,27620000.0
2022-10-23,22833.0,27981000.0
2022-10-24,23500.0,27803000.0
2022-10-25,23946.0,28494000.0
2022-10-26,23887.0,29079000.0
2022-10-27,23697.0,28590000.0
2022-10-28,22578.0,28958000.0
2022-10-29,22578.0,29091000.0
2022-10-30,22578.0,28957000.0
2022-10-31,22885.0,28778000.0
2022-11-01,22983.0,28749000.0
2022-11-02,22838.0,28632000.0
2022-11-03,22661.0,28693000.0
2022-11-04,22534.0,29388000.0
2022-11-05,22534.0,29756000.0
2022-11-06,22534.0,29473000.0
2022-11-07,23252.0,28945000.0
2022-11-08,23853.0,26650000.0
2022-11-09,24063.0,22919000.0
2022-11-10,23779.0,24779000.0
2022-11-11,25128.0,23656000.0
2022-11-12,25128.0,23380000.0
2022-11-13,25128.0,22510000.0
2022-11-14,24649.0,22701000.0
2022-11-15,25407.0,23003000.0
2022-11-16,25597.0,22954000.0
2022-11-17,25094.0,22982000.0
2022-11-18,25035.0,23061000.0
2022-11-19,25035.0,23081000.0
2022-11-20,25035.0,22788000.0
2022-11-21,24434.0,22220000.0
2022-11-22,24000.0,22584000.0
2022-11-23,24414.0,22985000.0
2022-11-24,24790.0,22738000.0
2022-11-25,24444.0,22676000.0
2022-11-26,24444.0,22660000.0
2022-11-27,24444.0,22646000.0
2022-11-28,23946.0,22339000.0
2022-11-29,24131.0,22417000.0
2022-11-30,24199.0,23192000.0
2022-12-01,24508.0,23002000.0
2022-12-02,23985.0,22877000.0
2022-12-03,23985.0,22830000.0
2022-12-04,23985.0,22906000.0
2022-12-05,23926.0,22725000.0
2022-12-06,23483.0,22821000.0
2022-12-07,23144.0,22544000.0
2022-12-08,23061.0,22918000.0
2022-12-09,23505.0,22849000.0
2022-12-10,23505.0,22831000.0
2022-12-11,23505.0,22775000.0
2022-12-12,23115.0,22824000.0
2022-12-13,23252.0,23161000.0
2022-12-14,23642.0,23235000.0
2022-12-15,23306.0,22942000.0
2022-12-16,22852.0,22249000.0
2022-12-17,22852.0,22230000.0
2022-12-18,22852.0,22210000.0
2022-12-19,22934.0,21654000.0
2022-12-20,22568.0,22011000.0
2022-12-21,22509.0,21943000.0
2022-12-22,22939.0,21891000.0
2022-12-23,22226.0,21872000.0
2022-12-24,22226.0,21951000.0
2022-12-25,22226.0,21848000.0
2022-12-26,22466.0,21702000.0
2022-12-27,22636.0,21321000.0
2022-12-28,22212.0,21061000.0
2022-12-29,21640.0,21201000.0
2022-12-30,21640.0,21070000.0
2022-12-31,21640.0,21079000.0
2023-01-01,21640.0,21123000.0
2023-01-02,21366.0,21215000.0
2023-01-03,21533.0,21351000.0
2023-01-04,22631.0,21588000.0
2023-01-05,22471.0,21575000.0
2023-01-06,23110.0,21517000.0
2023-01-07,23110.0,21539000.0
2023-01-08,23110.0,21704000.0
2023-01-09,23487.0,21655000.0
2023-01-10,23559.0,21916000.0
2023-01-11,23789.0,22485000.0
2023-01-12,23784.0,23552000.0
2023-01-13,23652.0,24802000.0
2023-01-14,23652.0,25881000.0
2023-01-15,23652.0,25836000.0
2023-01-16,23721.0,26368000.0
2023-01-17,23599.0,26255000.0
2023-01-18,23594.0,25718000.0
2023-01-19,23701.0,26205000.0
2023-01-20,23848.0,28026000.0
2023-01-21,23848.0,28333000.0
2023-01-22,23848.0,28390000.0
2023-01-23,23848.0,28609000.0
2023-01-24,23848.0,28351000.0
2023-01-25,24770.0,28736000.0
2023-01-26,24952.0,28930000.0
2023-01-27,24894.0,28950000.0
2023-01-28,24894.0,29063000.0
2023-01-29,24894.0,29670000.0
2023-01-30,24752.0,28706000.0
2023-01-31,24508.0,29064000.0
2023-02-01,24835.0,29620000.0
2023-02-02,25299.0,29600000.0
2023-02-03,25040.0,29432000.0
2023-02-04,25040.0,29420000.0
2023-02-05,25040.0,28990000.0
2023-02-06,24649.0,29222000.0
2023-02-07,25246.0,29452000.0
2023-02-08,25851.0,29303000.0
2023-02-09,25920.0,28193000.0
2023-02-10,25592.0,28120000.0
2023-02-11,25592.0,28377000.0
2023-02-12,25592.0,28263000.0
2023-02-13,25348.0,28309000.0
2023-02-14,25915.0,28798000.0
2023-02-15,25514.0,31186000.0
2023-02-16,26174.0,30451000.0
2023-02-17,25661.0,31641000.0
2023-02-18,25661.0,31789000.0
2023-02-19,25661.0,31435000.0
2023-02-20,25939.0,31883000.0
2023-02-21,25694.0,31736000.0
2023-02-22,25016.0,31619000.0
2023-02-23,25597.0,31398000.0
2023-02-24,25450.0,30877000.0
2023-02-25,25450.0,30959000.0
2023-02-26,25450.0,31279000.0
2023-02-27,25138.0,31255000.0
2023-02-28,25196.0,31024000.0
2023-03-01,25196.0,31106000.0
2023-03-02,25074.0,31109000.0
2023-03-03,25148.0,29709000.0
2023-03-04,25148.0,29838000.0
2023-03-05,25148.0,29982000.0
2023-03-06,25661.0,29769000.0
2023-03-07,25484.0,29579000.0
2023-03-08,25216.0,29023000.0
2023-03-09,25084.0,27604000.0
2023-03-10,24254.0,27343000.0
2023-03-11,24254.0,27737000.0
2023-03-12,24254.0,29199000.0
2023-03-13,24351.0,31676000.0
2023-03-14,23296.0,32490000.0
2023-03-15,23296.0,32511000.0
2023-03-16,23779.0,33335000.0
2023-03-17,25069.0,36207000.0
2023-03-18,25069.0,35767000.0
2023-03-19,25069.0,37233000.0
2023-03-20,25153.0,37295000.0
2023-03-21,24879.0,37221000.0
2023-03-22,25382.0,36372000.0
2023-03-23,25494.0,37274000.0
2023-03-24,26603.0,36749000.0
2023-03-25,26603.0,36750000.0
2023-03-26,26603.0,37160000.0
2023-03-27,26593.0,36110000.0
2023-03-28,27453.0,36026000.0
2023-03-29,27707.0,37401000.0
2023-03-30,28284.0,37157000.0
2023-03-31,28460.0,37540000.0
2023-04-01,28460.0,37585000.0
2023-04-02,28460.0,37301000.0
2023-04-03,28230.0,36814000.0
2023-04-04,27580.0,37205000.0
2023-04-05,27614.0,37139000.0
2023-04-06,27063.0,37058000.0
2023-04-07,28274.0,36993000.0
2023-04-08,28274.0,37080000.0
2023-04-09,28274.0,37313000.0
2023-04-10,28172.0,38985000.0
2023-04-11,28762.0,40004000.0
2023-04-12,28518.0,39699000.0
2023-04-13,28157.0,39911000.0
2023-04-14,28079.0,39804000.0
2023-04-15,28079.0,39800000.0
2023-04-16,28079.0,39607000.0
2023-04-17,27942.0,38700000.0
2023-04-18,27527.0,39630000.0
2023-04-19,27600.0,38300000.0
2023-04-20,27063.0,37672000.0
2023-04-21,27532.0,36337000.0
2023-04-22,27532.0,37182000.0
2023-04-23,27532.0,36802000.0
2023-04-24,26892.0,36750000.0
2023-04-25,26511.0,37877000.0
2023-04-26,26814.0,38017000.0
2023-04-27,27124.0,39258000.0
2023-04-28,27085.0,39083000.0
2023-04-29,27085.0,38965000.0
2023-04-30,27085.0,39149000.0
2023-05-01,27085.0,37769000.0
2023-05-02,27129.0,38405000.0
2023-05-03,27513.0,38703000.0
2023-05-04,27045.0,38580000.0
2023-05-05,27045.0,39053000.0
2023-05-06,27045.0,38677000.0
2023-05-07,27045.0,38143000.0
2023-05-08,27169.0,37255000.0
2023-05-09,26824.0,37150000.0
2023-05-10,26636.0,37071000.0
2023-05-11,26396.0,36411000.0
2023-05-12,26568.0,36341000.0
2023-05-13,26568.0,36374000.0
2023-05-14,26568.0,36415000.0
2023-05-15,26164.0,36632000.0
2023-05-16,26479.0,36421000.0
2023-05-17,26947.0,36700000.0
2023-05-18,27533.0,36240000.0
2023-05-19,28946.0,36156000.0
2023-05-20,28946.0,36385000.0
2023-05-21,28946.0,36051000.0
2023-05-22,28911.0,35947000.0
2023-05-23,28823.0,36381000.0
2023-05-24,28675.0,35452000.0
2023-05-25,29142.0,35547000.0
2023-05-26,29698.0,35771000.0
2023-05-27,29698.0,35824000.0
2023-05-28,29698.0,37350000.0
2023-05-29,29698.0,36992000.0
2023-05-30,30260.0,36914000.0
2023-05-31,30073.0,36391000.0
2023-06-01,30304.0,35823000.0
2023-06-02,30142.0,36089000.0
2023-06-03,30142.0,35888000.0
2023-06-04,30142.0,35865000.0
2023-06-05,29812.0,34298000.0
2023-06-06,29812.0,35852000.0
2023-06-07,30009.0,34952000.0
2023-06-08,30147.0,34996000.0
2023-06-09,31042.0,34865000.0
2023-06-10,31042.0,34372000.0
2023-06-11,31042.0,34345000.0
2023-06-12,30846.0,34059000.0
2023-06-13,31628.0,33913000.0
2023-06-14,31195.0,33007000.0
2023-06-15,31958.0,33449000.0
2023-06-16,31968.0,34501000.0
2023-06-17,31968.0,34780000.0
2023-06-18,31968.0,34466000.0
2023-06-19,31608.0,35092000.0
2023-06-20,31924.0,36946000.0
2023-06-21,31264.0,39135000.0
2023-06-22,31101.0,39125000.0
2023-06-23,31161.0,40651000.0
2023-06-24,31161.0,40659000.0
2023-06-25,31161.0,40352000.0
2023-06-26,31613.0,40077000.0
2023-06-27,31452.0,40585000.0
2023-06-28,31727.0,40020000.0
2023-06-29,32047.0,40583000.0
2023-06-30,31771.0,40547000.0
2023-07-01,31771.0,40691000.0
2023-07-02,31771.0,40652000.0
2023-07-03,32396.0,41200000.0
2023-07-04,32505.0,40610000.0
2023-07-05,32229.0,40385000.0
2023-07-06,31121.0,39860000.0
2023-07-07,30619.0,40240000.0
2023-07-08,30619.0,40153000.0
2023-07-09,30619.0,39832000.0
2023-07-10,30038.0,40050000.0
2023-07-11,30915.0,40117000.0
2023-07-12,31643.0,39804000.0
2023-07-13,32239.0,40112000.0
2023-07-14,33390.0,39092000.0
2023-07-15,33390.0,38889000.0
2023-07-16,33390.0,38933000.0
2023-07-17,33775.0,38742000.0
2023-07-18,33854.0,38401000.0
2023-07-19,33449.0,38323000.0
2023-07-20,33750.0,38567000.0
2023-07-21,33007.0,38829000.0
2023-07-22,33007.0,38776000.0
2023-07-23,33007.0,38945000.0
2023-07-24,32770.0,37892000.0
2023-07-25,32814.0,37910000.0
2023-07-26,31939.0,37918000.0
2023-07-27,34094.0,37874000.0
2023-07-28,34690.0,37932000.0
2023-07-29,34690.0,37901000.0
2023-07-30,34690.0,37850000.0
2023-07-31,34538.0,37929000.0
2023-08-01,34902.0,38642000.0
2023-08-02,33342.0,38358000.0
2023-08-03,33578.0,38436000.0
2023-08-04,33425.0,38492000.0
2023-08-05,33425.0,38474000.0
2023-08-06,33425.0,38605000.0
2023-08-07,33405.0,38622000.0
2023-08-08,32687.0,39437000.0
2023-08-09,32790.0,39209000.0
2023-08-10,32273.0,39119000.0
2023-08-11,32189.0,39233000.0
2023-08-12,32189.0,39283000.0
2023-08-13,32189.0,39118000.0
2023-08-14,31692.0,39288000.0
2023-08-15,31692.0,39404000.0
2023-08-16,31884.0,39001000.0
2023-08-17,32077.0,36588000.0
2023-08-18,32766.0,35890000.0
2023-08-19,32766.0,36056000.0
2023-08-20,32766.0,35949000.0
2023-08-21,32707.0,35769000.0
2023-08-22,32204.0,35684000.0
2023-08-23,32214.0,35941000.0
2023-08-24,33007.0,35635000.0
2023-08-25,31914.0,35479000.0
2023-08-26,31914.0,35398000.0
2023-08-27,31914.0,35402000.0
2023-08-28,31919.0,35335000.0
2023-08-29,32396.0,37445000.0
2023-08-30,32972.0,37109000.0
2023-08-31,33263.0,35502000.0
2023-09-01,33977.0,35350000.0
2023-09-02,33977.0,35204000.0
2023-09-03,33977.0,35308000.0
2023-09-04,33854.0,35011000.0
2023-09-05,33864.0,35056000.0
2023-09-06,33357.0,35029000.0
2023-09-07,33362.0,35615000.0
2023-09-08,32441.0,35295000.0
2023-09-09,32441.0,35280000.0
2023-09-10,32441.0,35196000.0
2023-09-11,32097.0,34327000.0
2023-09-12,32243.0,35077000.0
2023-09-13,32037.0,35497000.0
2023-09-14,33091.0,35889000.0
2023-09-15,33076.0,35928000.0
2023-09-16,33076.0,35938000.0
2023-09-17,33076.0,35758000.0
2023-09-18,32032.0,36000000.0
2023-09-19,31697.0,36500000.0
2023-09-20,31452.0,36501000.0
2023-09-21,30664.0,36012000.0
2023-09-22,30963.0,35952000.0
2023-09-23,30963.0,35960000.0
2023-09-24,30963.0,35534000.0
2023-09-25,30856.0,35491000.0
2023-09-26,30447.0,35566000.0
2023-09-27,30713.0,35982000.0
2023-09-28,30713.0,36596000.0
2023-09-29,30713.0,36444000.0
2023-09-30,30713.0,36600000.0
2023-10-01,30713.0,37789000.0
2023-10-02,30713.0,37424000.0
2023-10-03,30713.0,37197000.0
2023-10-04,30353.0,37595000.0
2023-10-05,30619.0,37258000.0
2023-10-06,30831.0,37798000.0
2023-10-07,30831.0,37902000.0
2023-10-08,30831.0,37929000.0
2023-10-09,30831.0,37595000.0
2023-10-10,30368.0,37336000.0
2023-10-11,31161.0,36671000.0
2023-10-12,31924.0,36750000.0
2023-10-13,31924.0,36968000.0
2023-10-14,31924.0,36790000.0
2023-10-15,31924.0,37086000.0
2023-10-16,31521.0,38697000.0
2023-10-17,32539.0,38652000.0
2023-10-18,32485.0,38710000.0
2023-10-19,31521.0,39000000.0
2023-10-20,31092.0,40250000.0
2023-10-21,31092.0,40400000.0
2023-10-22,31092.0,40354000.0
2023-10-23,30757.0,44179000.0
2023-10-24,31672.0,45599000.0
2023-10-25,31751.0,46484000.0
2023-10-26,30521.0,46141000.0
2023-10-27,30226.0,45980000.0
2023-10-28,30226.0,46314000.0
2023-10-29,30226.0,46825000.0
2023-10-30,30221.0,46732000.0
2023-10-31,29162.0,47030000.0
2023-11-01,29752.0,48079000.0
2023-11-02,31496.0,47516000.0
2023-11-03,31554.0,46676000.0
2023-11-04,31554.0,47050000.0
2023-11-05,31554.0,47056000.0
2023-11-06,32913.0,46781000.0
2023-11-07,32913.0,47301000.0
2023-11-08,32490.0,47458000.0
2023-11-09,32628.0,49400000.0
2023-11-10,32982.0,50030000.0
2023-11-11,32982.0,49629000.0
2023-11-12,32982.0,49418000.0
2023-11-13,32411.0,49154000.0
2023-11-14,32653.0,47969000.0
2023-11-15,33400.0,50457000.0
2023-11-16,33642.0,48868000.0
2023-11-17,33548.0,49390000.0
2023-11-18,33548.0,49165000.0
2023-11-19,33548.0,49800000.0
2023-11-20,33711.0,50170000.0
2023-11-21,33676.0,48510000.0
2023-11-22,33819.0,50042000.0
2023-11-23,33263.0,49929000.0
2023-11-24,33184.0,50601000.0
2023-11-25,33184.0,50533000.0
2023-11-26,33184.0,50210000.0
2023-11-27,33671.0,50275000.0
2023-11-28,34094.0,50576000.0
2023-11-29,34002.0,50720000.0
2023-11-30,34459.0,50586000.0
2023-12-01,34262.0,51709000.0
2023-12-02,34262.0,52603000.0
2023-12-03,34262.0,53700000.0
2023-12-04,33770.0,56920000.0
2023-12-05,32697.0,60227000.0
2023-12-06,33061.0,60314000.0
2023-12-07,32883.0,59250000.0
2023-12-08,33519.0,60142000.0
2023-12-09,33519.0,60082000.0
2023-12-10,33519.0,59835000.0
2023-12-11,33632.0,56950000.0
2023-12-12,34183.0,57605000.0
2023-12-13,34183.0,59056000.0
2023-12-14,34769.0,58735000.0
2023-12-15,34573.0,58028000.0
2023-12-16,34573.0,57935000.0
2023-12-17,34573.0,56710000.0
2023-12-18,34823.0,58130000.0
2023-12-19,34794.0,57845000.0
2023-12-20,35011.0,59351000.0
2023-12-21,35011.0,59479000.0
2023-12-22,35119.0,59532000.0
2023-12-23,35119.0,59250000.0
2023-12-24,35119.0,58002000.0
2023-12-25,35119.0,58042000.0
2023-12-26,35094.0,57032000.0
2023-12-27,35655.0,57920000.0
2023-12-28,35715.0,56907000.0
2023-12-29,35715.0,56450000.0
2023-12-30,35715.0,56639000.0
2023-12-31,35715.0,57047000.0
2024-01-01,35715.0,58839000.0
2024-01-02,36271.0,60206000.0
2024-01-03,35360.0,58581000.0
2024-01-04,35261.0,59477000.0
2024-01-05,35203.0,59351000.0
2024-01-06,35203.0,59329000.0
2024-01-07,35203.0,59108000.0
2024-01-08,35134.0,63010000.0
2024-01-09,35025.0,62014000.0
2024-01-10,34528.0,63621000.0
2024-01-11,34725.0,63550000.0
2024-01-12,34173.0,59435000.0
2024-01-13,34173.0,58968000.0
2024-01-14,34173.0,57391000.0
2024-01-15,33898.0,58354000.0
2024-01-16,33420.0,59196000.0
2024-01-17,33135.0,58776000.0
2024-01-18,33923.0,57284000.0
2024-01-19,35085.0,57739000.0
2024-01-20,35085.0,57517000.0
2024-01-21,35085.0,57387000.0
2024-01-22,35838.0,54689000.0
2024-01-23,35670.0,55389000.0
2024-01-24,35601.0,55200000.0
2024-01-25,35429.0,55101000.0
2024-01-26,34887.0,57503000.0
2024-01-27,34887.0,58086000.0
2024-01-28,34887.0,57855000.0
2024-01-29,34636.0,59101000.0
2024-01-30,34563.0,58965000.0
2024-01-31,33745.0,58738000.0
2024-02-01,33283.0,59150000.0
2024-02-02,34070.0,59299000.0
2024-02-03,34070.0,59260000.0
2024-02-04,34070.0,58811000.0
2024-02-05,33410.0,58882000.0
2024-02-06,34035.0,59039000.0
2024-02-07,33760.0,60232000.0
2024-02-08,34794.0,62011000.0
2024-02-09,34794.0,63682000.0
2024-02-10,34794.0,64549000.0
2024-02-11,34794.0,65230000.0
2024-02-12,34794.0,67002000.0
2024-02-13,36074.0,67309000.0
2024-02-14,36153.0,70199000.0
2024-02-15,36000.0,71253000.0
2024-02-16,35537.0,72128000.0
2024-02-17,35537.0,71530000.0
2024-02-18,35537.0,71964000.0
2024-02-19,35695.0,71755000.0
2024-02-20,35670.0,72191000.0
2024-02-21,35611.0,72397000.0
2024-02-22,36438.0,71601000.0
2024-02-23,36424.0,70805000.0
2024-02-24,36424.0,71107000.0
2024-02-25,36424.0,71256000.0
2024-02-26,36404.0,74742000.0
2024-02-27,35886.0,78619000.0
2024-02-28,36728.0,87634000.0
2024-02-29,36507.0,85910000.0
2024-03-01,36507.0,87397000.0
2024-03-02,36507.0,86383000.0
2024-03-03,36507.0,87982000.0
2024-03-04,38087.0,95500000.0
2024-03-05,37806.0,91275000.0
2024-03-06,38004.0,93325000.0
2024-03-07,37742.0,94060000.0
2024-03-08,38491.0,96237000.0
2024-03-09,38491.0,95946000.0
2024-03-10,38491.0,97495000.0
2024-03-11,37944.0,100404000.0
2024-03-12,38280.0,101200000.0
2024-03-13,38132.0,104122000.0
2024-03-14,37659.0,102506000.0
2024-03-15,37497.0,101000000.0
2024-03-16,37497.0,96767000.0
2024-03-17,37497.0,99922000.0
2024-03-18,37925.0,99040000.0
2024-03-19,37408.0,92572000.0
2024-03-20,37782.0,99726000.0
2024-03-21,39086.0,95552000.0
2024-03-22,38860.0,93855000.0
2024-03-23,38860.0,93274000.0
2024-03-24,38860.0,96624000.0
2024-03-25,38713.0,99202000.0
2024-03-26,39569.0,100051000.0
2024-03-27,40243.0,99890000.0
2024-03-28,41169.0,100900000.0
2024-03-29,41745.0,99801000.0
2024-03-30,41745.0,99985000.0
2024-03-31,41745.0,100970000.0
2024-04-01,42183.0,100100000.0
2024-04-02,42729.0,96053000.0
2024-04-03,41809.0,96502000.0
2024-04-04,42946.0,99361000.0
2024-04-05,42276.0,98394000.0
2024-04-06,42276.0,99023000.0
2024-04-07,42276.0,99369000.0
2024-04-08,41533.0,102101000.0
2024-04-09,41607.0,99350000.0
2024-04-10,41607.0,100600000.0
2024-04-11,42276.0,100541000.0
2024-04-12,42543.0,99776000.0
2024-04-13,42543.0,97149000.0
2024-04-14,42543.0,98905000.0
2024-04-15,42587.0,96527000.0
2024-04-16,40937.0,95597000.0
2024-04-17,40868.0,91419000.0
2024-04-18,41745.0,93356000.0
2024-04-19,40228.0,93390000.0
2024-04-20,40228.0,94805000.0
2024-04-21,40228.0,94868000.0
2024-04-22,39155.0,97192000.0
2024-04-23,38851.0,96045000.0
2024-04-24,40564.0,93534000.0
2024-04-25,39510.0,92745000.0
2024-04-26,40190.0,91951000.0
2024-04-27,40190.0,91499000.0
2024-04-28,40190.0,90530000.0
2024-04-29,40269.0,91400000.0
2024-04-30,40037.0,87137000.0
2024-05-01,40037.0,83499000.0
2024-05-02,40155.0,83078000.0
2024-05-03,39933.0,89291000.0
2024-05-04,39933.0,90303000.0
2024-05-05,39933.0,90061000.0
2024-05-06,39933.0,88804000.0
2024-05-07,41255.0,87595000.0
2024-05-08,41413.0,85872000.0
2024-05-09,40880.0,88116000.0
2024-05-10,40333.0,85842000.0
2024-05-11,40333.0,85791000.0
2024-05-12,40333.0,86521000.0
2024-05-13,40362.0,87928000.0
2024-05-14,40609.0,86500000.0
2024-05-15,40609.0,92111000.0
2024-05-16,41319.0,90800000.0
2024-05-17,40777.0,92646000.0
2024-05-18,40777.0,93066000.0
2024-05-19,40777.0,92185000.0
2024-05-20,40944.0,97260000.0
2024-05-21,41196.0,96700000.0
2024-05-22,41491.0,95421000.0
2024-05-23,41738.0,94900000.0
2024-05-24,40786.0,95214000.0
2024-05-25,40786.0,96240000.0
2024-05-26,40786.0,95610000.0
2024-05-27,41556.0,96050000.0
2024-05-28,42246.0,94600000.0
2024-05-29,41916.0,93910000.0
2024-05-30,41191.0,94943000.0
2024-05-31,40579.0,94505000.0
2024-06-01,40579.0,94720000.0
2024-06-02,40579.0,95000000.0
2024-06-03,40717.0,95994000.0
2024-06-04,40466.0,97500000.0
2024-06-05,41018.0,98385000.0
2024-06-06,41018.0,98334000.0
2024-06-07,41975.0,97919000.0
2024-06-08,41975.0,98125000.0
2024-06-09,41975.0,97983000.0
2024-06-10,41955.0,97276000.0
2024-06-11,41916.0,95329000.0
2024-06-12,42764.0,95934000.0
2024-06-13,43587.0,94614000.0
2024-06-14,43405.0,93978000.0
2024-06-15,43405.0,93910000.0
2024-06-16,43405.0,94219000.0
2024-06-17,43370.0,93588000.0
2024-06-18,44267.0,91649000.0
2024-06-19,44337.0,91555000.0
2024-06-20,44701.0,91780000.0
2024-06-21,43927.0,90308000.0
2024-06-22,43927.0,90874000.0
2024-06-23,43927.0,89046000.0
2024-06-24,43094.0,85496000.0
2024-06-25,43059.0,87450000.0
2024-06-26,44129.0,86027000.0
2024-06-27,43824.0,86884000.0
2024-06-28,44095.0,85158000.0
2024-06-29,44095.0,85765000.0
2024-06-30,44095.0,87920000.0
2024-07-01,44026.0,88253000.0
2024-07-02,43341.0,87248000.0
2024-07-03,43173.0,85331000.0
2024-07-04,43607.0,81680000.0
2024-07-05,44149.0,81118000.0
2024-07-06,44149.0,82826000.0
2024-07-07,44149.0,79397000.0
2024-07-08,44159.0,80534000.0
2024-07-09,44627.0,82043000.0
2024-07-10,44376.0,81896000.0
2024-07-11,44573.0,81070000.0
2024-07-12,43567.0,81540000.0
2024-07-13,43567.0,82901000.0
2024-07-14,43567.0,85430000.0
2024-07-15,43700.0,91162000.0
2024-07-16,44277.0,90807000.0
2024-07-17,42384.0,89467000.0
2024-07-18,41634.0,89850000.0
2024-07-19,41186.0,93004000.0
2024-07-20,41186.0,94065000.0
2024-07-21,41186.0,95000000.0
2024-07-22,39909.0,94357000.0
2024-07-23,39781.0,92230000.0
2024-07-24,39815.0,91501000.0
2024-07-25,37877.0,92465000.0
2024-07-26,38139.0,94727000.0
2024-07-27,38139.0,94292000.0
2024-07-28,38139.0,95363000.0
2024-07-29,38296.0,93618000.0
2024-07-30,37325.0,92788000.0
2024-07-31,38558.0,90345000.0
2024-08-01,38439.0,91789000.0
2024-08-02,35442.0,86691000.0
2024-08-03,35442.0,85957000.0
2024-08-04,35442.0,81871000.0
2024-08-05,31408.0,77833000.0
2024-08-06,32897.0,80224000.0
2024-08-07,33563.0,78388000.0
2024-08-08,33070.0,86397000.0
2024-08-09,34021.0,85518000.0
2024-08-10,34021.0,85669000.0
2024-08-11,34021.0,82815000.0
2024-08-12,34899.0,83221000.0
2024-08-13,35175.0,84600000.0
2024-08-14,36102.0,82457000.0
2024-08-15,36102.0,81004000.0
2024-08-16,37719.0,82209000.0
2024-08-17,37719.0,82849000.0
2024-08-18,37719.0,81500000.0
2024-08-19,36802.0,81680000.0
2024-08-20,37478.0,80751000.0
2024-08-21,36950.0,82900000.0
2024-08-22,36418.0,82003000.0
2024-08-23,35925.0,85600000.0
2024-08-24,35925.0,85767000.0
2024-08-25,35925.0,86254000.0
2024-08-26,35067.0,84408000.0
2024-08-27,34623.0,80950000.0
2024-08-28,35412.0,80569000.0
2024-08-29,33874.0,80790000.0
2024-08-30,34450.0,80439000.0
2024-08-31,34450.0,80262000.0
2024-09-01,34450.0,78301000.0
2024-09-02,34095.0,80205000.0
2024-09-03,33282.0,78272000.0
2024-09-04,31265.0,78739000.0
2024-09-05,31206.0,76330000.0
2024-09-06,30555.0,73644000.0
2024-09-07,30555.0,73640000.0
2024-09-08,30555.0,74437000.0
2024-09-09,30604.0,77275000.0
2024-09-10,30195.0,78089000.0
2024-09-11,30052.0,77301000.0
2024-09-12,31674.0,78269000.0
2024-09-13,30886.0,80930000.0
2024-09-14,30886.0,80524000.0
2024-09-15,30886.0,79690000.0
2024-09-16,30886.0,78469000.0
2024-09-17,30886.0,81116000.0
2024-09-18,30886.0,82604000.0
2024-09-19,30171.0,83892000.0
2024-09-20,30417.0,84385000.0
2024-09-21,30417.0,84425000.0
2024-09-22,30417.0,84829000.0
2024-09-23,30910.0,84631000.0
2024-09-24,31571.0,85248000.0
2024-09-25,31556.0,84362000.0
2024-09-26,33331.0,86000000.0
2024-09-27,33164.0,86958000.0
2024-09-28,33164.0,86732000.0
2024-09-29,33164.0,85958000.0
2024-09-30,32241.0,83730000.0
2024-10-01,32241.0,81500000.0
2024-10-02,31877.0,81707000.0
2024-10-03,31877.0,82424000.0
2024-10-04,32168.0,83805000.0
2024-10-05,32168.0,83956000.0
2024-10-06,32168.0,84533000.0
2024-10-07,33104.0,83942000.0
2024-10-08,32458.0,84139000.0
2024-10-09,32458.0,82385000.0
2024-10-10,32503.0,82131000.0
2024-10-11,32744.0,84451000.0
2024-10-12,32744.0,84956000.0
2024-10-13,32744.0,84806000.0
2024-10-14,33336.0,88640000.0
2024-10-15,33607.0,90600000.0
2024-10-16,32685.0,91610000.0
2024-10-17,33252.0,91725000.0
2024-10-18,31941.0,93330000.0
2024-10-19,31941.0,93322000.0
2024-10-20,31941.0,93901000.0
2024-10-21,32118.0,92161000.0
2024-10-22,31300.0,92877000.0
2024-10-23,32444.0,92375000.0
2024-10-24,31872.0,94077000.0
2024-10-25,31872.0,93762000.0
2024-10-26,31872.0,93993000.0
2024-10-27,31872.0,94819000.0
2024-10-28,32079.0,97401000.0
2024-10-29,31906.0,101305000.0
2024-10-30,31911.0,100571000.0
2024-10-31,31891.0,98112000.0
2024-11-01,31561.0,97285000.0
2024-11-02,31561.0,97205000.0
2024-11-03,31561.0,95883000.0
2024-11-04,32365.0,94289000.0
2024-11-05,32059.0,96170000.0
2024-11-06,31714.0,104085000.0
2024-11-07,31660.0,104115000.0
2024-11-08,31729.0,106843000.0
2024-11-09,31729.0,106294000.0
2024-11-10,31729.0,111440000.0
2024-11-11,30254.0,124503000.0
2024-11-12,29101.0,124967000.0
2024-11-13,28326.0,128111000.0
2024-11-14,27626.0,123572000.0
2024-11-15,28608.0,128236000.0
2024-11-16,28608.0,127071000.0
2024-11-17,28608.0,126472000.0
2024-11-18,28203.0,127142000.0
2024-11-19,28139.0,129720000.0
2024-11-20,28060.0,133180000.0
2024-11-21,28090.0,137050000.0
2024-11-22,28568.0,136879000.0
2024-11-23,28568.0,136000000.0
2024-11-24,28568.0,136096000.0
2024-11-25,29046.0,129791000.0
2024-11-26,28977.0,128783000.0
2024-11-27,27898.0,132999000.0
2024-11-28,27449.0,133138000.0
2024-11-29,26951.0,134542000.0
2024-11-30,26951.0,133701000.0
2024-12-01,26951.0,133802000.0
2024-12-02,26492.0,133535000.0
2024-12-03,27069.0,133700000.0
2024-12-04,26966.0,138760000.0
2024-12-05,27676.0,137501000.0
2024-12-06,27178.0,139340000.0
2024-12-07,27178.0,138960000.0
2024-12-08,27178.0,141005000.0
2024-12-09,26325.0,138864000.0
2024-12-10,26768.0,138205000.0
2024-12-11,27478.0,143111000.0
2024-12-12,28351.0,142757000.0
2024-12-13,28396.0,144402000.0
2024-12-14,28396.0,145927000.0
2024-12-15,28396.0,149243000.0
2024-12-16,28667.0,153403000.0
2024-12-17,29155.0,155223000.0
2024-12-18,29446.0,147754000.0
2024-12-19,28524.0,147474000.0
2024-12-20,27755.0,148138000.0
2024-12-21,27755.0,147830000.0
2024-12-22,27755.0,144800000.0
2024-12-23,28529.0,142901000.0
2024-12-24,28543.0,146831000.0
2024-12-25,28543.0,148081000.0
2024-12-26,28233.0,144076000.0
2024-12-27,28524.0,142111000.0
2024-12-28,28524.0,142302000.0
2024-12-29,28524.0,139735000.0
2024-12-30,28534.0,137892000.0
2024-12-31,28534.0,139257000.0
2025-01-01,28534.0,141320000.0
2025-01-02,28706.0,143848000.0
2025-01-03,30077.0,144655000.0
2025-01-04,30077.0,144745000.0
2025-01-05,30077.0,144700000.0
2025-01-06,31655.0,150264000.0
2025-01-07,31275.0,144789000.0
2025-01-08,32380.0,142368000.0
2025-01-09,32557.0,139740000.0
2025-01-10,32365.0,142457000.0
2025-01-11,32365.0,141771000.0
2025-01-12,32365.0,142086000.0
2025-01-13,31334.0,142108000.0
2025-01-14,31482.0,143501000.0
2025-01-15,31605.0,147309000.0
2025-01-16,32306.0,146670000.0
2025-01-17,33060.0,152345000.0
2025-01-18,33060.0,155801000.0
2025-01-19,33060.0,154000000.0
2025-01-20,32897.0,153225000.0
2025-01-21,33573.0,157571000.0
2025-01-22,34539.0,154999000.0
2025-01-23,33800.0,155112000.0
2025-01-24,33928.0,157146000.0
2025-01-25,33928.0,157200000.0
2025-01-26,33928.0,156100000.0
2025-01-27,33928.0,154919000.0
2025-01-28,33928.0,155919000.0
2025-01-29,33928.0,158859000.0
2025-01-30,33928.0,158139000.0
2025-01-31,32044.0,156580000.0
2025-02-01,32044.0,157330000.0
2025-02-02,32044.0,154000000.0
2025-02-03,30407.0,158217000.0
2025-02-04,30718.0,154122000.0
2025-02-05,31398.0,151450000.0
2025-02-06,32335.0,151356000.0
2025-02-07,32808.0,149601000.0
2025-02-08,32808.0,148803000.0
2025-02-09,32808.0,147579000.0
2025-02-10,33262.0,147724000.0
2025-02-11,33287.0,146020000.0
2025-02-12,33154.0,147846000.0
2025-02-13,33696.0,145877000.0
2025-02-14,34026.0,146551000.0
2025-02-15,34026.0,147501000.0
2025-02-16,34026.0,145625000.0
2025-02-17,34367.0,144390000.0
2025-02-18,34510.0,143728000.0
2025-02-19,35703.0,144312000.0
2025-02-20,34973.0,145719000.0
2025-02-21,34899.0,142859000.0
2025-02-22,34899.0,142300000.0
2025-02-23,34899.0,141364000.0
2025-02-24,34130.0,132135000.0
2025-02-25,33814.0,129715000.0
2025-02-26,33745.0,122784000.0
2025-02-27,33164.0,124331000.0
2025-02-28,31758.0,124499000.0
2025-03-01,31758.0,128320000.0
2025-03-02,31758.0,142500000.0
2025-03-03,31758.0,130094000.0
2025-03-04,31379.0,130430000.0
2025-03-05,31689.0,134990000.0
2025-03-06,30950.0,133870000.0
2025-03-07,31083.0,129522000.0
2025-03-08,31083.0,128531000.0
2025-03-09,31083.0,121111000.0
2025-03-10,30974.0,117477000.0
2025-03-11,30816.0,123232000.0
2025-03-12,32182.0,123871000.0
2025-03-13,31877.0,120216000.0
2025-03-14,32670.0,123878000.0
2025-03-15,32670.0,124000000.0
2025-03-16,32670.0,121749000.0
2025-03-17,33336.0,122801000.0
2025-03-18,33080.0,121272000.0
2025-03-19,33459.0,127194000.0
2025-03-20,33977.0,124297000.0
2025-03-21,34495.0,124500000.0
2025-03-22,34495.0,124150000.0
2025-03-23,34495.0,126937000.0
2025-03-24,34076.0,128890000.0
2025-03-25,33080.0,128823000.0
2025-03-26,33558.0,128556000.0
2025-03-27,32892.0,128701000.0
2025-03-28,31896.0,125800000.0
2025-03-29,31896.0,123378000.0
2025-03-30,31896.0,123046000.0
2025-03-31,30471.0,123209000.0
2025-04-01,31162.0,126632000.0
2025-04-02,31024.0,122798000.0
2025-04-03,30461.0,123244000.0
2025-04-04,29387.0,123409000.0
2025-04-05,29387.0,123300000.0
2025-04-06,29387.0,117517000.0
2025-04-07,27222.0,118061000.0
2025-04-08,27493.0,114489000.0
2025-04-09,26956.0,121339000.0
2025-04-10,28834.0,117936000.0
2025-04-11,28948.0,121450000.0
2025-04-12,28948.0,123551000.0
2025-04-13,28948.0,121577000.0
2025-04-14,29189.0,122694000.0
2025-04-15,29382.0,122158000.0
2025-04-16,28331.0,121850000.0
2025-04-17,28864.0,122700000.0
2025-04-18,29036.0,122288000.0
2025-04-19,29036.0,122720000.0
2025-04-20,29036.0,122746000.0
2025-04-21,29258.0,126237000.0
2025-04-22,28923.0,133855000.0
2025-04-23,30220.0,134373000.0
2025-04-24,29835.0,134650000.0
2025-04-25,30348.0,136416000.0
2025-04-26,30348.0,136499000.0
2025-04-27,30348.0,135150000.0
2025-04-28,29535.0,136816000.0
2025-04-29,29680.0,136310000.0
2025-04-30,29265.0,136050000.0
2025-05-01,29265.0,139145000.0
2025-05-02,29700.0,138636000.0
2025-05-03,29700.0,137560000.0
2025-05-04,29700.0,135652000.0
2025-05-05,29700.0,134890000.0
2025-05-06,29700.0,137400000.0
2025-05-07,30070.0,137660000.0
2025-05-08,30330.0,144780000.0
2025-05-09,29935.0,143720000.0
2025-05-10,29935.0,144964000.0
2025-05-11,29935.0,145510000.0
2025-05-12,31170.0,144875000.0
2025-05-13,31485.0,145880000.0
2025-05-14,32110.0,145718000.0
2025-05-15,31465.0,146026000.0
2025-05-16,31880.0,146465000.0
2025-05-17,31880.0,146555000.0
2025-05-18,31880.0,150458000.0
2025-05-19,30935.0,148699000.0
2025-05-20,30965.0,150424000.0
2025-05-21,30935.0,152356000.0
2025-05-22,30200.0,154861000.0
2025-05-23,30025.0,149878000.0
2025-05-24,30025.0,150660000.0
2025-05-25,30025.0,152133000.0
2025-05-26,30700.0,152195000.0
2025-05-27,30530.0,151323000.0
2025-05-28,31175.0,150280000.0
2025-05-29,31550.0,147370000.0
2025-05-30,30935.0,147044000.0
2025-05-31,30935.0,147932000.0
2025-06-01,30935.0,149100000.0
2025-06-02,31220.0,148074000.0
2025-06-03,31220.0,147322000.0
2025-06-04,32195.0,145210000.0
2025-06-05,33070.0,141588000.0
2025-06-06,33070.0,145196000.0
2025-06-07,33070.0,146514000.0
2025-06-08,33070.0,145799000.0
2025-06-09,33430.0,150330000.0
2025-06-10,33295.0,150604000.0
2025-06-11,34505.0,149702000.0
2025-06-12,34395.0,145801000.0
2025-06-13,33780.0,147266000.0
2025-06-14,33780.0,146401000.0
2025-06-15,33780.0,145997000.0
2025-06-16,34185.0,146673000.0
2025-06-17,34500.0,145456000.0
2025-06-18,34885.0,145380000.0
2025-06-19,34835.0,144978000.0
2025-06-20,35365.0,143956000.0
2025-06-21,35365.0,142782000.0
2025-06-22,35365.0,140908000.0
2025-06-23,34865.0,146182000.0
2025-06-24,36430.0,145625000.0
2025-06-25,37335.0,147365000.0
2025-06-26,37600.0,146852000.0
2025-06-27,37080.0,147058000.0
2025-06-28,37080.0,147174000.0
2025-06-29,37080.0,147996000.0
2025-06-30,37205.0,145759000.0
2025-07-01,36820.0,145019000.0
2025-07-02,36205.0,147372000.0
2025-07-03,37345.0,148737000.0
2025-07-04,36610.0,147797000.0
2025-07-05,36610.0,148197000.0
2025-07-06,36610.0,148500000.0
2025-07-07,36415.0,148100000.0
2025-07-08,36815.0,148302000.0
2025-07-09,36450.0,150701000.0
2025-07-10,37125.0,156519000.0
2025-07-11,37445.0,158187000.0
2025-07-12,37445.0,159681000.0
2025-07-13,37445.0,161740000.0
2025-07-14,37390.0,163923000.0
2025-07-15,37845.0,160811000.0
2025-07-16,38015.0,161250000.0
2025-07-17,37145.0,162232000.0
2025-07-18,37000.0,161100000.0
2025-07-19,37000.0,161428000.0
2025-07-20,37000.0,160072000.0
2025-07-21,37155.0,160096000.0
2025-07-22,36445.0,162321000.0
2025-07-23,36285.0,161990000.0
2025-07-24,36050.0,160928000.0
2025-07-25,35795.0,160217000.0
2025-07-26,35795.0,160900000.0
2025-07-27,35795.0,162717000.0
2025-07-28,36785.0,162483000.0
2025-07-29,36725.0,163158000.0
2025-07-30,37205.0,163118000.0
2025-07-31,37595.0,161398000.0
2025-08-01,35780.0,158102000.0
2025-08-02,35780.0,157376000.0
2025-08-03,35780.0,160227000.0
2025-08-04,35960.0,160332000.0
2025-08-05,36420.0,159999000.0
2025-08-06,36235.0,160000000.0
2025-08-07,36720.0,161853000.0
2025-08-08,37030.0,160099000.0
2025-08-09,37030.0,160180000.0
2025-08-10,37030.0,163859000.0
2025-08-11,37530.0,164210000.0
2025-08-12,37505.0,164298000.0
2025-08-13,38530.0,168051000.0
2025-08-14,38380.0,164723000.0
2025-08-15,38380.0,164122000.0
2025-08-16,38380.0,163058000.0
2025-08-17,38380.0,163111000.0
2025-08-18,37240.0,161513000.0
2025-08-19,36885.0,157172000.0
2025-08-20,36215.0,159149000.0
2025-08-21,35750.0,157737000.0
2025-08-22,36055.0,161176000.0
2025-08-23,36055.0,159705000.0
2025-08-24,36055.0,157603000.0
2025-08-25,36915.0,155887000.0
2025-08-26,37120.0,156661000.0
2025-08-27,37185.0,155534000.0
2025-08-28,37450.0,156737000.0
2025-08-29,37535.0,152262000.0
2025-08-30,37535.0,151734000.0
2025-08-31,37535.0,150700000.0
2025-09-01,36295.0,152419000.0
2025-09-02,36555.0,154850000.0
2025-09-03,36875.0,154890000.0
2025-09-04,37245.0,155410000.0
2025-09-05,37620.0,154930000.0
2025-09-06,37620.0,154325000.0
2025-09-07,37620.0,155001000.0
2025-09-08,38180.0,156048000.0
2025-09-09,39290.0,155450000.0
2025-09-10,40495.0,158561000.0
2025-09-11,40815.0,160375000.0
2025-09-12,42040.0,161101000.0
2025-09-13,42040.0,160536000.0
2025-09-14,42040.0,160338000.0
2025-09-15,42805.0,160705000.0
2025-09-16,44030.0,162167000.0
2025-09-17,43270.0,161468000.0
2025-09-18,44950.0,162478000.0
2025-09-19,45150.0,162138000.0
2025-09-20,45150.0,162236000.0
2025-09-21,45150.0,161412000.0
2025-09-22,46265.0,160730000.0
2025-09-23,46930.0,159679000.0
2025-09-24,47150.0,160700000.0
2025-09-25,46600.0,158200000.0
2025-09-26,45090.0,158128000.0
2025-09-27,45090.0,157895000.0
2025-09-28,45090.0,160579000.0
2025-09-29,46020.0,162976000.0
2025-09-30,45965.0,162828000.0
2025-10-01,47140.0,168424000.0
2025-10-02,49395.0,170704000.0
2025-10-03,49395.0,173460000.0
2025-10-04,49395.0,174964000.0
2025-10-05,49395.0,177024000.0
2025-10-06,49395.0,177536000.0
2025-10-07,49395.0,175460000.0
2025-10-08,49395.0,178011000.0
2025-10-09,49395.0,177616000.0
2025-10-10,51995.0,172257000.0
2025-10-11,51995.0,170390000.0
2025-10-12,51995.0,173833000.0
2025-10-13,52240.0,171680000.0
2025-10-14,50880.0,170070000.0
2025-10-15,52950.0,168539000.0
2025-10-16,54040.0,165290000.0
2025-10-17,53890.0,163639000.0
2025-10-18,53890.0,163631000.0
2025-10-19,53890.0,164806000.0
2025-10-20,55145.0,165911000.0
2025-10-21,54550.0,163400000.0
2025-10-22,55045.0,163153000.0
2025-10-23,54685.0,165546000.0
2025-10-24,56360.0,165703000.0
2025-10-25,56360.0,166310000.0
2025-10-26,56360.0,169514000.0
2025-10-27,57630.0,168980000.0
2025-10-28,56375.0,168263000.0
2025-10-29,57890.0,164617000.0
2025-10-30,58480.0,164258000.0
2025-10-31,58740.0,164275000.0
2025-11-01,58740.0,164000000.0
2025-11-02,58740.0,164129000.0
2025-11-03,61050.0,158587000.0
2025-11-04,60095.0,152873000.0
2025-11-05,58170.0,156008000.0
2025-11-06,58910.0,151401000.0
2025-11-07,57350.0,153850000.0
2025-11-08,57350.0,152541000.0
2025-11-09,57350.0,155490000.0
2025-11-10,58820.0,156797000.0
2025-11-11,59785.0,154302000.0
2025-11-12,59695.0,153300000.0
2025-11-13,59570.0,151306000.0
2025-11-14,56100.0,143623000.0
2025-11-15,56100.0,144265000.0
2025-11-16,56100.0,140320000.0
2025-11-17,58695.0,137706000.0
2025-11-18,56030.0,137750000.0
2025-11-19,55165.0,136500000.0
2025-11-20,56315.0,129896000.0
2025-11-21,52355.0,128044000.0
2025-11-22,52355.0,127333000.0
2025-11-23,52355.0,131960000.0
2025-11-24,52870.0,132574000.0
2025-11-25,53735.0,130736000.0
2025-11-26,54765.0,135366000.0
2025-11-27,55715.0,136941000.0
2025-11-28,55660.0,136334000.0
2025-11-29,55660.0,136073000.0
2025-11-30,55660.0,135744000.0
2025-12-01,56145.0,129172000.0
2025-12-02,57050.0,135626000.0
2025-12-03,57530.0,138881000.0
2025-12-04,56385.0,137390000.0
2025-12-05,57295.0,133828000.0
2025-12-06,57295.0,133598000.0
2025-12-07,57295.0,135195000.0
2025-12-08,58310.0,134986000.0
2025-12-09,57600.0,137200000.0
2025-12-10,58020.0,136700000.0
2025-12-11,57435.0,137332000.0
2025-12-12,57375.0,134902000.0
2025-12-13,57375.0,134733000.0
2025-12-14,57375.0,131795000.0
2025-12-15,56095.0,129132000.0
2025-12-16,54205.0,130682000.0
2025-12-17,56205.0,128680000.0
2025-12-18,55590.0,127135000.0
2025-12-19,55300.0,131223000.0
2025-12-20,55300.0,131469000.0
2025-12-21,55300.0,131860000.0
2025-12-22,57990.0,132200000.0
2025-12-23,58295.0,130451000.0
2025-12-24,57800.0,129236000.0
2025-12-25,57800.0,128498000.0
2025-12-26,59525.0,128152000.0
2025-12-27,59525.0,128298000.0
2025-12-28,59525.0,127914000.0
2025-12-29,60755.0,127161000.0
2025-12-30,61300.0,128570000.0
2025-12-31,61300.0,128067000.0
2026-01-01,61300.0,128830000.0
2026-01-02,65480.0,130150000.0
2026-01-03,65480.0,131077000.0
2026-01-04,65480.0,132386000.0
2026-01-05,68600.0,136074000.0
2026-01-06,70785.0,136299000.0
2026-01-07,70300.0,132939000.0
2026-01-08,70160.0,133174000.0
2026-01-09,69305.0,133451000.0
2026-01-10,69305.0,133503000.0
2026-01-11,69305.0,133702000.0
2026-01-12,69120.0,134602000.0
2026-01-13,69400.0,139968000.0
2026-01-14,70550.0,142160000.0
2026-01-15,71150.0,140907000.0
2026-01-16,71675.0,141083000.0
2026-01-17,71675.0,140527000.0
2026-01-18,71675.0,138940000.0
2026-01-19,72310.0,137010000.0
2026-01-20,70500.0,131849000.0
2026-01-21,70705.0,132505000.0
2026-01-22,72025.0,132864000.0
2026-01-23,72200.0,131961000.0
2026-01-24,72200.0,131644000.0
2026-01-25,72200.0,128500000.0
2026-01-26,73445.0,129474000.0
2026-01-27,78105.0,129687000.0
2026-01-28,82950.0,129079000.0
2026-01-29,84845.0,124287000.0
2026-01-30,88200.0,125210000.0
2026-01-31,88200.0,117616000.0
2026-02-01,88200.0,113416000.0
2026-02-02,81250.0,116997000.0
2026-02-03,88780.0,111882000.0
2026-02-04,88800.0,107867000.0
2026-02-05,84000.0,92920000.0
2026-02-06,84420.0,104990000.0
2026-02-07,84420.0,102617000.0
2026-02-08,84420.0,104587000.0
2026-02-09,88570.0,103479000.0
2026-02-10,86705.0,102136000.0
2026-02-11,85825.0,99166000.0
2026-02-12,89400.0,97328000.0
2026-02-13,88745.0,100786000.0
2026-02-14,88745.0,102850000.0
2026-02-15,88745.0,102103000.0
2026-02-16,88745.0,101944000.0
2026-02-17,88745.0,100054000.0
2026-02-18,88745.0,98622000.0
2026-02-19,91585.0,98846000.0
2026-02-20,92945.0,100065000.0
2026-02-21,92945.0,99986000.0
2026-02-22,92945.0,99542000.0
2026-02-23,92385.0,95352000.0
2026-02-24,95695.0,93807000.0
2026-02-25,96215.0,97937000.0
2026-02-26,105185.0,97449000.0
2026-02-27,105400.0,96121000.0
2026-02-28,105400.0,97626000.0
2026-03-01,105400.0,95904000.0
2026-03-02,105400.0,100520000.0
2026-03-03,97715.0,100274000.0
2026-03-04,84900.0,105374000.0
2026-03-05,100585.0,103877000.0
2026-03-06,102335.0,100763000.0
2026-03-07,102335.0,99385000.0
2026-03-08,102335.0,97845000.0
2026-03-09,93250.0,100425000.0
2026-03-10,99220.0,102417000.0
2026-03-11,98400.0,102731000.0
2026-03-12,98100.0,103248000.0
2026-03-13,96935.0,104404000.0
2026-03-14,96935.0,105131000.0
2026-03-15,96935.0,106940000.0
2026-03-16,99470.0,110058000.0
2026-03-17,99470.0,109012000.0
2026-03-18,105100.0,106000000.0
2026-03-19,103420.0,104078000.0
2026-03-20,103865.0,105314000.0
2026-03-21,103865.0,103782000.0
2026-03-22,103865.0,102021000.0
2026-03-23,97505.0,105247000.0
2026-03-24,100125.0,105149000.0
2026-03-25,101690.0,106523000.0
2026-03-26,95990.0,103849000.0
2026-03-27,95450.0,101019000.0
2026-03-28,95450.0,100895000.0
2026-03-29,95450.0,100379000.0
2026-03-30,91440.0,101468000.0
2026-03-31,86900.0,103275000.0
2026-04-01,95925.0,103129000.0
2026-04-02,90105.0,101723000.0
2026-04-03,93160.0,101648000.0
2026-04-04,93160.0,102147000.0
2026-04-05,93160.0,104288000.0
2026-04-06,93330.0,103923000.0
2026-04-07,94930.0,107255000.0
2026-04-08,104350.0,105862000.0
2026-04-09,101725.0,106628000.0
2026-04-10,103000.0,108308000.0
2026-04-11,103000.0,108567000.0
2026-04-12,103000.0,105700000.0
2026-04-13,103055.0,109806000.0
2026-04-14,105605.0,109875000.0
2026-04-15,108650.0,110456000.0
2026-04-16,110620.0,110782000.0
2026-04-17,110400.0,113773000.0
2026-04-18,110400.0,112375000.0
2026-04-19,110400.0,110020000.0
2026-04-20,112400.0,112455000.0
2026-04-21,115665.0,113049000.0
2026-04-22,116965.0,115901000.0
2026-04-23,117545.0,116429000.0
2026-04-24,119595.0,115463000.0
2026-04-25,119595.0,115696000.0
2026-04-26,119595.0,116655000.0
2026-04-27,125360.0,115338000.0
2026-04-28,125600.0,113437000.0
2026-04-29,124750.0,113406000.0
2026-04-30,123850.0,113810000.0
2026-05-01,123850.0,115947000.0
2026-05-02,123850.0,116561000.0
2026-05-03,123850.0,116590000.0
2026-05-04,130460.0,118031000.0
